{
  "loss": [
    0.8021966814994812,
    0.7731728553771973,
    0.7485485672950745
  ],
  "accuracy": [
    0.4467741847038269,
    0.4467741847038269,
    0.44596773386001587
  ],
  "epoch_time_s": [
    0.0019981861114501953,
    0.0,
    0.0010020732879638672
  ],
  "epochs": 3,
  "lr": 0.001,
  "device": "cpu",
  "seed": 42,
  "total_time_s": 0.0030002593994140625
}