{
  "loss": [
    0.701960027217865,
    0.6994946002960205,
    0.6972754001617432
  ],
  "accuracy": [
    0.4467741847038269,
    0.4467741847038269,
    0.44758063554763794
  ],
  "epoch_time_s": [
    0.0,
    0.0020055770874023438,
    0.0
  ],
  "epochs": 3,
  "lr": 0.001,
  "device": "cpu",
  "seed": 42,
  "total_time_s": 0.0020055770874023438
}