{
  "loss": [
    0.6945241093635559,
    0.690824031829834,
    0.6887954473495483
  ],
  "accuracy": [
    0.4379032254219055,
    0.5532258152961731,
    0.5532258152961731
  ],
  "epoch_time_s": [
    0.0,
    0.0029861927032470703,
    0.0010066032409667969
  ],
  "epochs": 3,
  "lr": 0.001,
  "device": "cpu",
  "seed": 42,
  "total_time_s": 0.003992795944213867
}