{
  "loss": [
    0.7303089499473572,
    0.7268014550209045,
    0.7234558463096619
  ],
  "accuracy": [
    0.4443548321723938,
    0.4443548321723938,
    0.4443548321723938
  ],
  "epoch_time_s": [
    0.05327010154724121,
    0.0020093917846679688,
    0.002002716064453125
  ],
  "epochs": 3,
  "lr": 0.001,
  "device": "cpu",
  "seed": 42,
  "total_time_s": 0.057282209396362305
}