{
  "loss": [
    0.7023383975028992,
    0.699773371219635,
    0.6974525451660156
  ],
  "accuracy": [
    0.44354838132858276,
    0.44354838132858276,
    0.4443548321723938
  ],
  "epoch_time_s": [
    0.0019979476928710938,
    0.0010001659393310547,
    0.0
  ],
  "epochs": 3,
  "lr": 0.001,
  "device": "cpu",
  "seed": 42,
  "total_time_s": 0.003998279571533203
}