{
  "loss": [
    0.6944789886474609,
    0.690654456615448,
    0.6885027289390564
  ],
  "accuracy": [
    0.4395161271095276,
    0.5548387169837952,
    0.5548387169837952
  ],
  "epoch_time_s": [
    0.0020003318786621094,
    0.0019998550415039062,
    0.0009996891021728516
  ],
  "epochs": 3,
  "lr": 0.001,
  "device": "cpu",
  "seed": 42,
  "total_time_s": 0.004999876022338867
}