{
  "loss": [
    0.7120537757873535,
    0.6946640610694885,
    0.6945536732673645
  ],
  "accuracy": [
    0.47822579741477966,
    0.522580623626709,
    0.5548387169837952
  ],
  "epoch_time_s": [
    0.0020034313201904297,
    0.0017452239990234375,
    0.0019412040710449219
  ],
  "epochs": 3,
  "lr": 0.001,
  "device": "cpu",
  "seed": 42,
  "total_time_s": 0.005689859390258789
}