{
  "loss": [
    0.7022413611412048,
    0.699711799621582,
    0.6974273920059204
  ],
  "accuracy": [
    0.4443548321723938,
    0.4443548321723938,
    0.44516128301620483
  ],
  "epoch_time_s": [
    0.0030002593994140625,
    0.0009999275207519531,
    0.0019998550415039062
  ],
  "epochs": 3,
  "lr": 0.001,
  "device": "cpu",
  "seed": 42,
  "total_time_s": 0.006000041961669922
}