{
  "loss": [
    0.8048965334892273,
    0.775222659111023,
    0.7500085234642029
  ],
  "accuracy": [
    0.4443548321723938,
    0.4443548321723938,
    0.44354838132858276
  ],
  "epoch_time_s": [
    0.002002239227294922,
    0.0009982585906982422,
    0.0
  ],
  "epochs": 3,
  "lr": 0.001,
  "device": "cpu",
  "seed": 42,
  "total_time_s": 0.003000497817993164
}