{
  "loss": [
    0.7116386890411377,
    0.6944701671600342,
    0.6943321228027344
  ],
  "accuracy": [
    0.47741934657096863,
    0.5201612710952759,
    0.5580645203590393
  ],
  "epoch_time_s": [
    0.002130270004272461,
    0.001005411148071289,
    0.0010001659393310547
  ],
  "epochs": 3,
  "lr": 0.001,
  "device": "cpu",
  "seed": 42,
  "total_time_s": 0.004135847091674805
}