{
  "loss": [
    0.6945111155509949,
    0.6905416250228882,
    0.6882482171058655
  ],
  "accuracy": [
    0.43870967626571655,
    0.5564516186714172,
    0.5564516186714172
  ],
  "epoch_time_s": [
    0.001001119613647461,
    0.0010001659393310547,
    0.0010018348693847656
  ],
  "epochs": 3,
  "lr": 0.001,
  "device": "cpu",
  "seed": 42,
  "total_time_s": 0.004000186920166016
}