{
  "loss": [
    0.694763720035553,
    0.6906458735466003,
    0.6882062554359436
  ],
  "accuracy": [
    0.43387097120285034,
    0.5588709712028503,
    0.5588709712028503
  ],
  "epoch_time_s": [
    0.002003908157348633,
    0.002006053924560547,
    0.0008459091186523438
  ],
  "epochs": 3,
  "lr": 0.001,
  "device": "cpu",
  "seed": 42,
  "total_time_s": 0.0048558712005615234
}