{
  "loss": [
    0.7139564156532288,
    0.7108330130577087,
    0.707906186580658
  ],
  "accuracy": [
    0.44516128301620483,
    0.44516128301620483,
    0.44516128301620483
  ],
  "epoch_time_s": [
    0.0,
    0.0026569366455078125,
    0.0
  ],
  "epochs": 3,
  "lr": 0.001,
  "device": "cpu",
  "seed": 42,
  "total_time_s": 0.0026569366455078125
}