{
  "loss": [
    0.7148151397705078,
    0.7115771174430847,
    0.7085365653038025
  ],
  "accuracy": [
    0.44112902879714966,
    0.44112902879714966,
    0.44112902879714966
  ],
  "epoch_time_s": [
    0.0,
    0.010782003402709961,
    0.0
  ],
  "epochs": 3,
  "lr": 0.001,
  "device": "cpu",
  "seed": 42,
  "total_time_s": 0.010782003402709961
}