{
  "loss": [
    0.8034123778343201,
    0.7743082642555237,
    0.749595582485199
  ],
  "accuracy": [
    0.44516128301620483,
    0.44516128301620483,
    0.4443548321723938
  ],
  "epoch_time_s": [
    0.002065420150756836,
    0.0,
    0.0
  ],
  "epochs": 3,
  "lr": 0.001,
  "device": "cpu",
  "seed": 42,
  "total_time_s": 0.004068613052368164
}