{
  "loss": [
    0.7108497619628906,
    0.6936818957328796,
    0.6938574910163879
  ],
  "accuracy": [
    0.4814516007900238,
    0.52338707447052,
    0.5564516186714172
  ],
  "epoch_time_s": [
    0.0020895004272460938,
    0.0019989013671875,
    0.0010006427764892578
  ],
  "epochs": 3,
  "lr": 0.001,
  "device": "cpu",
  "seed": 42,
  "total_time_s": 0.0050890445709228516
}