{
  "loss": [
    0.6988345384597778,
    0.69715416431427,
    0.6965075731277466
  ],
  "accuracy": [
    0.5435484051704407,
    0.5403226017951965,
    0.5249999761581421
  ],
  "epoch_time_s": [
    0.0,
    0.013633966445922852,
    0.0013875961303710938
  ],
  "epochs": 3,
  "lr": 0.001,
  "device": "cpu",
  "seed": 42,
  "total_time_s": 0.015021562576293945
}