{
  "loss": [
    0.7125006318092346,
    0.6936070919036865,
    0.6926476359367371
  ],
  "accuracy": [
    0.47338709235191345,
    0.5266128778457642,
    0.5620967745780945
  ],
  "epoch_time_s": [
    0.0020003318786621094,
    0.00099945068359375,
    0.002002716064453125
  ],
  "epochs": 3,
  "lr": 0.001,
  "device": "cpu",
  "seed": 42,
  "total_time_s": 0.005002498626708984
}