{
  "loss": [
    0.6971554756164551,
    0.6959672570228577,
    0.6950759887695312
  ],
  "accuracy": [
    0.5491935610771179,
    0.5483871102333069,
    0.5483871102333069
  ],
  "epoch_time_s": [
    0.0009984970092773438,
    0.0010025501251220703,
    0.0019948482513427734
  ],
  "epochs": 3,
  "lr": 0.001,
  "device": "cpu",
  "seed": 42,
  "total_time_s": 0.0039958953857421875
}