{
  "loss": [
    0.711109459400177,
    0.6928514838218689,
    0.6925561428070068
  ],
  "accuracy": [
    0.4790322482585907,
    0.5258064270019531,
    0.5588709712028503
  ],
  "epoch_time_s": [
    0.001310586929321289,
    0.0012423992156982422,
    0.0019996166229248047
  ],
  "epochs": 3,
  "lr": 0.001,
  "device": "cpu",
  "seed": 42,
  "total_time_s": 0.004552602767944336
}