{
  "loss": [
    0.7021005153656006,
    0.6995924711227417,
    0.6973287463188171
  ],
  "accuracy": [
    0.44516128301620483,
    0.44516128301620483,
    0.44596773386001587
  ],
  "epoch_time_s": [
    0.0017895698547363281,
    0.0,
    0.0020020008087158203
  ],
  "epochs": 3,
  "lr": 0.001,
  "device": "cpu",
  "seed": 42,
  "total_time_s": 0.0037915706634521484
}