{
  "loss": [
    0.8034955263137817,
    0.7744417190551758,
    0.7497490644454956
  ],
  "accuracy": [
    0.44354838132858276,
    0.44354838132858276,
    0.44274193048477173
  ],
  "epoch_time_s": [
    0.0020072460174560547,
    0.0,
    0.0020036697387695312
  ],
  "epochs": 3,
  "lr": 0.001,
  "device": "cpu",
  "seed": 42,
  "total_time_s": 0.004010915756225586
}