{
  "loss": [
    0.696321427822113,
    0.6950984001159668,
    0.694366991519928
  ],
  "accuracy": [
    0.5467742085456848,
    0.5451613068580627,
    0.5387097001075745
  ],
  "epoch_time_s": [
    0.0029969215393066406,
    0.0009996891021728516,
    0.0019998550415039062
  ],
  "epochs": 3,
  "lr": 0.001,
  "device": "cpu",
  "seed": 42,
  "total_time_s": 0.0059964656829833984
}