{
  "loss": [
    0.7136632204055786,
    0.7105751037597656,
    0.7076838612556458
  ],
  "accuracy": [
    0.4467741847038269,
    0.4467741847038269,
    0.4467741847038269
  ],
  "epoch_time_s": [
    0.0009989738464355469,
    0.0009996891021728516,
    0.0009999275207519531
  ],
  "epochs": 3,
  "lr": 0.001,
  "device": "cpu",
  "seed": 42,
  "total_time_s": 0.0029985904693603516
}