{
  "loss": [
    0.7000669836997986,
    0.6984901428222656,
    0.6976728439331055
  ],
  "accuracy": [
    0.5427419543266296,
    0.5403226017951965,
    0.52338707447052
  ],
  "epoch_time_s": [
    0.0,
    0.013226032257080078,
    0.0
  ],
  "epochs": 3,
  "lr": 0.001,
  "device": "cpu",
  "seed": 42,
  "total_time_s": 0.014963388442993164
}