{
  "loss": [
    0.7001465559005737,
    0.6984450817108154,
    0.6977010369300842
  ],
  "accuracy": [
    0.5419355034828186,
    0.5411290526390076,
    0.5266128778457642
  ],
  "epoch_time_s": [
    0.002997875213623047,
    0.0009996891021728516,
    0.0009999275207519531
  ],
  "epochs": 3,
  "lr": 0.001,
  "device": "cpu",
  "seed": 42,
  "total_time_s": 0.0049974918365478516
}