{
  "loss": [
    0.7026461958885193,
    0.7000123858451843,
    0.6976237297058105
  ],
  "accuracy": [
    0.44112902879714966,
    0.44112902879714966,
    0.4419354796409607
  ],
  "epoch_time_s": [
    0.0020051002502441406,
    0.0,
    0.002009153366088867
  ],
  "epochs": 3,
  "lr": 0.001,
  "device": "cpu",
  "seed": 42,
  "total_time_s": 0.004014253616333008
}