{
  "loss": [
    0.6946220993995667,
    0.6907615065574646,
    0.6885713934898376
  ],
  "accuracy": [
    0.43629032373428345,
    0.5556451678276062,
    0.5556451678276062
  ],
  "epoch_time_s": [
    0.002999544143676758,
    0.0010001659393310547,
    0.0010004043579101562
  ],
  "epochs": 3,
  "lr": 0.001,
  "device": "cpu",
  "seed": 42,
  "total_time_s": 0.005999565124511719
}