{
  "loss": [
    0.8071759343147278,
    0.7772806882858276,
    0.7518071532249451
  ],
  "accuracy": [
    0.44112902879714966,
    0.44112902879714966,
    0.4403225779533386
  ],
  "epoch_time_s": [
    0.002000093460083008,
    0.002000093460083008,
    0.0009999275207519531
  ],
  "epochs": 3,
  "lr": 0.001,
  "device": "cpu",
  "seed": 42,
  "total_time_s": 0.005000114440917969
}