{
  "loss": [
    0.714381992816925,
    0.7112076282501221,
    0.7082300782203674
  ],
  "accuracy": [
    0.44354838132858276,
    0.44354838132858276,
    0.44354838132858276
  ],
  "epoch_time_s": [
    0.01062917709350586,
    0.0,
    0.0020072460174560547
  ],
  "epochs": 3,
  "lr": 0.001,
  "device": "cpu",
  "seed": 42,
  "total_time_s": 0.012636423110961914
}