preproc,hidden_dim,accuracy_mean,accuracy_std,f1_mean,f1_std,train_time_s_mean,train_time_s_std
dwt_bands,32,0.54,0.09117291264405236,0.4677939786434758,0.1507723714871178,0.012415552139282226,0.003869455205843713
dwt_bands,64,0.535,0.06274950199005566,0.37969593290890985,0.0720862089110353,0.008221149444580078,0.001626690557352799
dwt_bands,128,0.475,0.06373774391990981,0.3132340370372182,0.06812981520405052,0.010233640670776367,0.0019258534821484543
wavelet,32,0.53,0.06471089552772392,0.36904217988227545,0.0746993462314019,0.3319540500640869,0.7180363864508873
wavelet,64,0.54,0.07202430145443967,0.41097766375324324,0.12885622267573713,0.008068704605102539,0.0033515133128869273
wavelet,128,0.47000000000000003,0.06471089552772392,0.30268878334827315,0.06857104896052818,0.008662223815917969,0.0018179745436650181
