{
  "test_subject": 5,
  "feature_method": "wavelet",
  "graph_methods": [
    "plv",
    "coherence",
    "correlation",
    "mi",
    "aec"
  ],
  "num_graph_types": 5,
  "hidden_dim": 64,
  "num_epochs": 100,
  "train_samples": 396,
  "test_samples": 18,
  "test_accuracy": 0.6666666666666666,
  "training_history": {
    "loss": [
      265.4002380371094,
      253.5413055419922,
      637.5562744140625,
      236.15316772460938,
      289.058349609375,
      238.87777709960938,
      127.65534210205078,
      136.36318969726562,
      70.81910705566406,
      61.26148223876953,
      50.36283874511719,
      26.121204376220703,
      22.96479606628418,
      14.616159439086914,
      12.505208015441895,
      5.4800944328308105,
      2.150282144546509,
      1.1498806476593018,
      0.7762184739112854,
      0.7014514803886414,
      0.6970428228378296,
      0.6968883872032166,
      0.6944915056228638,
      0.6961891055107117,
      0.6960989236831665,
      0.6960057616233826,
      0.6959099769592285,
      0.6958115100860596,
      0.6939448118209839,
      0.695608377456665,
      0.6955034732818604,
      0.6953969597816467,
      0.6952887773513794,
      0.6951789259910583,
      0.695067822933197,
      0.6949551701545715,
      0.6948412656784058,
      0.6947263479232788,
      0.694610595703125,
      0.6944935917854309,
      0.6943758726119995,
      0.6928815245628357,
      0.6941380500793457,
      0.6940181255340576,
      0.6938976049423218,
      0.6937766671180725,
      0.6936548352241516,
      0.6935327649116516,
      0.6934104561805725,
      0.6932875514030457,
      0.6931646466255188,
      0.6930410861968994,
      0.6929175853729248,
      0.691047728061676,
      0.6926697492599487,
      0.6925457119941711,
      0.692421555519104,
      0.6922972798347473,
      0.6921728849411011,
      0.6920484900474548,
      0.6919240951538086,
      0.6917997598648071,
      0.69167560338974,
      0.691551148891449,
      0.6914268136024475,
      0.6913028359413147,
      0.6911788582801819,
      0.6910549402236938,
      0.6909312009811401,
      0.6908075213432312,
      0.6906843185424805,
      0.6905609369277954,
      0.6904382705688477,
      0.6903154253959656,
      0.6901928186416626,
      0.6900705099105835,
      0.689948558807373,
      0.6898269653320312,
      0.6897052526473999,
      0.6895841360092163,
      0.6894634366035461,
      0.6893427968025208,
      0.6892226934432983,
      0.6886206865310669,
      0.6889832019805908,
      0.68886399269104,
      0.6887452006340027,
      0.6886265873908997,
      0.6885086894035339,
      0.6883910298347473,
      0.6865858435630798,
      0.6881569027900696,
      0.688040554523468,
      0.6879244446754456,
      0.6878089308738708,
      0.6876936554908752,
      0.6875790953636169,
      0.6874644756317139,
      0.6873506307601929,
      0.6872370839118958
    ],
    "accuracy": [
      0.5176767706871033,
      0.5959596037864685,
      0.40656566619873047,
      0.44949495792388916,
      0.5959596037864685,
      0.560606062412262,
      0.4898989796638489,
      0.43686869740486145,
      0.48232322931289673,
      0.6111111044883728,
      0.5530303120613098,
      0.5681818127632141,
      0.5303030014038086,
      0.5429292917251587,
      0.47727271914482117,
      0.48232322931289673,
      0.46464645862579346,
      0.42171716690063477,
      0.4040403962135315,
      0.4015151560306549,
      0.39646464586257935,
      0.3914141356945038,
      0.39898988604545593,
      0.39646464586257935,
      0.39646464586257935,
      0.39646464586257935,
      0.39646464586257935,
      0.39646464586257935,
      0.39898988604545593,
      0.39646464586257935,
      0.39646464586257935,
      0.39646464586257935,
      0.39646464586257935,
      0.39646464586257935,
      0.39646464586257935,
      0.39646464586257935,
      0.39646464586257935,
      0.39646464586257935,
      0.39646464586257935,
      0.39646464586257935,
      0.39646464586257935,
      0.39898988604545593,
      0.39646464586257935,
      0.39646464586257935,
      0.39646464586257935,
      0.39646464586257935,
      0.39646464586257935,
      0.39646464586257935,
      0.39646464586257935,
      0.39646464586257935,
      0.39646464586257935,
      0.6035353541374207,
      0.6035353541374207,
      0.6035353541374207,
      0.6035353541374207,
      0.6035353541374207,
      0.6035353541374207,
      0.6035353541374207,
      0.6035353541374207,
      0.6035353541374207,
      0.6035353541374207,
      0.6035353541374207,
      0.6035353541374207,
      0.6035353541374207,
      0.6035353541374207,
      0.6035353541374207,
      0.6035353541374207,
      0.6035353541374207,
      0.6035353541374207,
      0.6035353541374207,
      0.6035353541374207,
      0.6035353541374207,
      0.6035353541374207,
      0.6035353541374207,
      0.6035353541374207,
      0.6035353541374207,
      0.6035353541374207,
      0.6035353541374207,
      0.6035353541374207,
      0.6035353541374207,
      0.6035353541374207,
      0.6035353541374207,
      0.6035353541374207,
      0.6035353541374207,
      0.6035353541374207,
      0.6035353541374207,
      0.6035353541374207,
      0.6035353541374207,
      0.6035353541374207,
      0.6035353541374207,
      0.6035353541374207,
      0.6035353541374207,
      0.6035353541374207,
      0.6035353541374207,
      0.6035353541374207,
      0.6035353541374207,
      0.6035353541374207,
      0.6035353541374207,
      0.6035353541374207,
      0.6035353541374207
    ]
  }
}