{
  "test_subject": 17,
  "feature_method": "wavelet",
  "graph_methods": [
    "plv",
    "coherence",
    "correlation",
    "mi",
    "aec"
  ],
  "num_graph_types": 5,
  "hidden_dim": 64,
  "num_epochs": 100,
  "train_samples": 396,
  "test_samples": 18,
  "test_accuracy": 0.6666666666666666,
  "training_history": {
    "loss": [
      265.2200012207031,
      525.249755859375,
      410.0912170410156,
      163.9362335205078,
      197.45445251464844,
      169.160888671875,
      117.11083221435547,
      92.19783782958984,
      91.42467498779297,
      63.05165481567383,
      38.273921966552734,
      36.15753936767578,
      24.782548904418945,
      16.709970474243164,
      10.534954071044922,
      7.341169834136963,
      5.597596645355225,
      4.1865010261535645,
      1.964582920074463,
      2.07789945602417,
      1.1366838216781616,
      0.9824155569076538,
      0.9078460931777954,
      0.7510733008384705,
      0.7737679481506348,
      0.7095670700073242,
      0.7548865079879761,
      0.740240216255188,
      0.6966455578804016,
      0.6943385601043701,
      0.695228636264801,
      0.7032024264335632,
      0.7031112909317017,
      0.6988425254821777,
      0.6955263614654541,
      0.6950276494026184,
      0.6946945786476135,
      0.6952064633369446,
      0.6942384243011475,
      0.69353848695755,
      0.6948789358139038,
      0.6958281993865967,
      0.6946225166320801,
      0.6944596767425537,
      0.6940404772758484,
      0.6943266987800598,
      0.694097638130188,
      0.692204475402832,
      0.6938310861587524,
      0.6936972141265869,
      0.6935625076293945,
      0.6934277415275574,
      0.6915403604507446,
      0.6931129097938538,
      0.6930215358734131,
      0.6928859949111938,
      0.692750096321106,
      0.6926141381263733,
      0.6924780011177063,
      0.6923421025276184,
      0.7056221961975098,
      0.6920702457427979,
      0.6919342279434204,
      0.6900648474693298,
      0.6916632056236267,
      0.6914217472076416,
      0.6916035413742065,
      0.691257894039154,
      0.6911234855651855,
      0.690989077091217,
      0.6908550262451172,
      0.6907213926315308,
      0.6905878782272339,
      0.6904550194740295,
      0.6903222799301147,
      0.6883198022842407,
      0.6906559467315674,
      0.7360087633132935,
      0.6897954344749451,
      0.6896647214889526,
      0.6895344257354736,
      0.6894044876098633,
      0.6892752051353455,
      0.6891460418701172,
      0.6880608797073364,
      0.6888893842697144,
      0.6887620091438293,
      0.6886349320411682,
      0.6885083317756653,
      0.6882997155189514,
      0.6882568597793579,
      0.6866324543952942,
      0.6880071759223938,
      0.6881082653999329,
      0.6877596974372864,
      0.6876367330551147,
      0.6881816387176514,
      0.6873924136161804,
      0.6872711777687073,
      0.6871505975723267
    ],
    "accuracy": [
      0.5075757503509521,
      0.6035353541374207,
      0.4191919267177582,
      0.5176767706871033,
      0.5858585834503174,
      0.5808081030845642,
      0.5530303120613098,
      0.5050504803657532,
      0.46717172861099243,
      0.502525269985199,
      0.5479797720909119,
      0.5454545617103577,
      0.5757575631141663,
      0.5631313323974609,
      0.5782828330993652,
      0.5176767706871033,
      0.502525269985199,
      0.45202019810676575,
      0.42424243688583374,
      0.39393940567970276,
      0.42171716690063477,
      0.39646464586257935,
      0.4191919267177582,
      0.41161614656448364,
      0.39393940567970276,
      0.4015151560306549,
      0.4040403962135315,
      0.4015151560306549,
      0.39646464586257935,
      0.4015151560306549,
      0.39898988604545593,
      0.39646464586257935,
      0.39646464586257935,
      0.39646464586257935,
      0.39646464586257935,
      0.39646464586257935,
      0.39898988604545593,
      0.39646464586257935,
      0.39393940567970276,
      0.39898988604545593,
      0.39646464586257935,
      0.39393940567970276,
      0.39646464586257935,
      0.39646464586257935,
      0.39898988604545593,
      0.39646464586257935,
      0.39646464586257935,
      0.39898988604545593,
      0.39646464586257935,
      0.39646464586257935,
      0.39646464586257935,
      0.39646464586257935,
      0.39898988604545593,
      0.39646464586257935,
      0.6035353541374207,
      0.6035353541374207,
      0.6035353541374207,
      0.6035353541374207,
      0.6035353541374207,
      0.6035353541374207,
      0.6010100841522217,
      0.6035353541374207,
      0.6035353541374207,
      0.6035353541374207,
      0.6035353541374207,
      0.6060606241226196,
      0.6010100841522217,
      0.6035353541374207,
      0.6035353541374207,
      0.6035353541374207,
      0.6035353541374207,
      0.6035353541374207,
      0.6035353541374207,
      0.6035353541374207,
      0.6035353541374207,
      0.6060606241226196,
      0.6010100841522217,
      0.5984848737716675,
      0.6035353541374207,
      0.6035353541374207,
      0.6035353541374207,
      0.6035353541374207,
      0.6035353541374207,
      0.6035353541374207,
      0.6060606241226196,
      0.6035353541374207,
      0.6035353541374207,
      0.6035353541374207,
      0.6035353541374207,
      0.6060606241226196,
      0.6035353541374207,
      0.6060606241226196,
      0.6035353541374207,
      0.6010100841522217,
      0.6035353541374207,
      0.6035353541374207,
      0.6010100841522217,
      0.6035353541374207,
      0.6035353541374207,
      0.6035353541374207
    ]
  }
}