{
  "test_subject": 14,
  "feature_method": "wavelet",
  "graph_methods": [
    "plv",
    "coherence",
    "correlation",
    "mi",
    "aec"
  ],
  "num_graph_types": 5,
  "hidden_dim": 64,
  "num_epochs": 100,
  "train_samples": 396,
  "test_samples": 18,
  "test_accuracy": 0.5555555555555556,
  "training_history": {
    "loss": [
      257.8170166015625,
      536.4608764648438,
      384.6159362792969,
      169.3221893310547,
      204.8446502685547,
      156.7457275390625,
      85.71089172363281,
      106.40520477294922,
      78.76850891113281,
      56.08146286010742,
      51.5208625793457,
      36.22428512573242,
      22.365999221801758,
      20.25774383544922,
      15.25422191619873,
      9.587525367736816,
      6.544255256652832,
      4.091270446777344,
      1.7111250162124634,
      1.09630286693573,
      0.7419372200965881,
      0.8194206357002258,
      0.7608771324157715,
      0.7882841229438782,
      0.7120471596717834,
      0.7050011157989502,
      0.6963634490966797,
      0.716151237487793,
      0.7174966335296631,
      0.6974781155586243,
      0.6927174925804138,
      0.6931771039962769,
      0.6957012414932251,
      0.6946312785148621,
      0.6945422291755676,
      0.695860743522644,
      0.6957384347915649,
      0.6956126689910889,
      0.6954836845397949,
      0.6955535411834717,
      0.6952177286148071,
      0.6937955617904663,
      0.6949425339698792,
      0.6948018670082092,
      0.6946595907211304,
      0.6945160627365112,
      0.6943711042404175,
      0.6942248940467834,
      0.6940776109695435,
      0.6939297914505005,
      0.6937808394432068,
      0.6936314105987549,
      0.6934815049171448,
      0.6932674646377563,
      0.6932322382926941,
      0.6930289268493652,
      0.6928776502609253,
      0.6927259564399719,
      0.6925745010375977,
      0.6924228668212891,
      0.6922711730003357,
      0.6913249492645264,
      0.6919680237770081,
      0.6917283535003662,
      0.6916653513908386,
      0.6915144324302673,
      0.6913636326789856,
      0.691213071346283,
      0.6910631060600281,
      0.6909131407737732,
      0.6907637119293213,
      0.6906147003173828,
      0.6904661655426025,
      0.6903178095817566,
      0.6901700496673584,
      0.6900227069854736,
      0.6898757219314575,
      0.6897293925285339,
      0.6895835995674133,
      0.6894380450248718,
      0.6891542673110962,
      0.689201295375824,
      0.6890050768852234,
      0.6888620257377625,
      0.6887192130088806,
      0.6885770559310913,
      0.6884358525276184,
      0.6882950067520142,
      0.6881545186042786,
      0.688014805316925,
      0.687875509262085,
      0.6877120137214661,
      0.6875994205474854,
      0.6873283982276917,
      0.6872968077659607,
      0.6871896386146545,
      0.6870543360710144,
      0.6870625019073486,
      0.6867855191230774,
      0.6866520047187805
    ],
    "accuracy": [
      0.5227272510528564,
      0.6111111044883728,
      0.4191919267177582,
      0.4722222089767456,
      0.5909090638160706,
      0.6212121248245239,
      0.5252525210380554,
      0.45202019810676575,
      0.44949495792388916,
      0.5454545617103577,
      0.5353535413742065,
      0.5681818127632141,
      0.5454545617103577,
      0.4848484992980957,
      0.4873737394809723,
      0.5075757503509521,
      0.5959596037864685,
      0.560606062412262,
      0.47979798913002014,
      0.47727271914482117,
      0.4545454680919647,
      0.4040403962135315,
      0.4191919267177582,
      0.3914141356945038,
      0.4141414165496826,
      0.3914141356945038,
      0.39898988604545593,
      0.39646464586257935,
      0.3863636255264282,
      0.3914141356945038,
      0.39646464586257935,
      0.4015151560306549,
      0.39646464586257935,
      0.39393940567970276,
      0.39393940567970276,
      0.3914141356945038,
      0.3914141356945038,
      0.3914141356945038,
      0.3914141356945038,
      0.3888888955116272,
      0.3914141356945038,
      0.39646464586257935,
      0.3914141356945038,
      0.3914141356945038,
      0.3914141356945038,
      0.3914141356945038,
      0.3914141356945038,
      0.3914141356945038,
      0.3914141356945038,
      0.3914141356945038,
      0.3914141356945038,
      0.3914141356945038,
      0.3914141356945038,
      0.39393940567970276,
      0.3888888955116272,
      0.6085858345031738,
      0.6085858345031738,
      0.6085858345031738,
      0.6085858345031738,
      0.6085858345031738,
      0.6085858345031738,
      0.6111111044883728,
      0.6085858345031738,
      0.6085858345031738,
      0.6085858345031738,
      0.6085858345031738,
      0.6085858345031738,
      0.6085858345031738,
      0.6085858345031738,
      0.6085858345031738,
      0.6085858345031738,
      0.6085858345031738,
      0.6085858345031738,
      0.6085858345031738,
      0.6085858345031738,
      0.6085858345031738,
      0.6085858345031738,
      0.6085858345031738,
      0.6085858345031738,
      0.6085858345031738,
      0.6085858345031738,
      0.6085858345031738,
      0.6085858345031738,
      0.6085858345031738,
      0.6085858345031738,
      0.6085858345031738,
      0.6085858345031738,
      0.6085858345031738,
      0.6085858345031738,
      0.6085858345031738,
      0.6085858345031738,
      0.6085858345031738,
      0.6085858345031738,
      0.6085858345031738,
      0.6085858345031738,
      0.6085858345031738,
      0.6085858345031738,
      0.6085858345031738,
      0.6085858345031738,
      0.6085858345031738
    ]
  }
}