{
  "test_subject": 18,
  "feature_method": "wavelet",
  "graph_methods": [
    "plv",
    "coherence",
    "correlation",
    "mi",
    "aec"
  ],
  "num_graph_types": 5,
  "hidden_dim": 64,
  "num_epochs": 100,
  "train_samples": 396,
  "test_samples": 18,
  "test_accuracy": 0.6666666666666666,
  "training_history": {
    "loss": [
      261.49884033203125,
      661.5198364257812,
      233.30958557128906,
      229.65875244140625,
      151.35794067382812,
      133.69033813476562,
      65.05155944824219,
      65.98112487792969,
      57.83013153076172,
      30.258424758911133,
      27.515762329101562,
      23.899505615234375,
      14.119380950927734,
      9.285368919372559,
      6.842794895172119,
      4.140811920166016,
      2.658376932144165,
      1.3387534618377686,
      0.847051203250885,
      0.7421841025352478,
      0.6957221627235413,
      0.6998478174209595,
      0.7028842568397522,
      0.6973421573638916,
      0.696178138256073,
      0.6989335417747498,
      0.6953348517417908,
      0.6961917281150818,
      0.7030071020126343,
      0.9362831711769104,
      0.7046821117401123,
      0.6957718729972839,
      0.6956621408462524,
      0.6956720948219299,
      0.6955632567405701,
      0.695317268371582,
      0.695197582244873,
      0.695076048374176,
      0.6949528455734253,
      0.6948279142379761,
      0.6947013735771179,
      0.6945738196372986,
      0.6944451332092285,
      0.6943151354789734,
      0.6941844820976257,
      0.6940528750419617,
      0.6939205527305603,
      0.6937874555587769,
      0.6930388808250427,
      0.6935198307037354,
      0.6933857202529907,
      0.6932508945465088,
      0.693115770816803,
      0.6929805874824524,
      0.6928449869155884,
      0.6927093863487244,
      0.6925737261772156,
      0.6924378871917725,
      0.6923023462295532,
      0.6921663880348206,
      0.6924246549606323,
      0.6918952465057373,
      0.6917597651481628,
      0.6916244029998779,
      0.6914893388748169,
      0.6913543343544006,
      0.6912197470664978,
      0.6910852193832397,
      0.6909510493278503,
      0.69081711769104,
      0.6906833052635193,
      0.6905500888824463,
      0.6904171109199524,
      0.6902846693992615,
      0.6901524066925049,
      0.6900205612182617,
      0.6897671818733215,
      0.6897581219673157,
      0.6896272897720337,
      0.6894972324371338,
      0.689367413520813,
      0.6904222965240479,
      0.6891090869903564,
      0.6889806985855103,
      0.6888530254364014,
      0.6887253522872925,
      0.6885982751846313,
      0.688471794128418,
      0.6883460283279419,
      0.6882203221321106,
      0.6880954504013062,
      0.6879711747169495,
      0.6878470182418823,
      0.6875589489936829,
      0.6876009702682495,
      0.68747878074646,
      0.6873570680618286,
      0.6872357726097107,
      0.6871151328086853,
      0.6869953274726868
    ],
    "accuracy": [
      0.5,
      0.6085858345031738,
      0.43939393758773804,
      0.42171716690063477,
      0.5757575631141663,
      0.6085858345031738,
      0.5454545617103577,
      0.4595959484577179,
      0.43686869740486145,
      0.5353535413742065,
      0.5050504803657532,
      0.5656565427780151,
      0.5732322931289673,
      0.5353535413742065,
      0.5101010203361511,
      0.4898989796638489,
      0.46464645862579346,
      0.42424243688583374,
      0.39898988604545593,
      0.3888888955116272,
      0.4015151560306549,
      0.39646464586257935,
      0.39898988604545593,
      0.39646464586257935,
      0.39898988604545593,
      0.3914141356945038,
      0.4015151560306549,
      0.39646464586257935,
      0.4015151560306549,
      0.43939393758773804,
      0.39646464586257935,
      0.39646464586257935,
      0.39646464586257935,
      0.39646464586257935,
      0.39393940567970276,
      0.39646464586257935,
      0.39646464586257935,
      0.39646464586257935,
      0.39646464586257935,
      0.39646464586257935,
      0.39646464586257935,
      0.39646464586257935,
      0.39646464586257935,
      0.39646464586257935,
      0.39646464586257935,
      0.39646464586257935,
      0.39646464586257935,
      0.39646464586257935,
      0.39898988604545593,
      0.39646464586257935,
      0.39646464586257935,
      0.39646464586257935,
      0.6035353541374207,
      0.6035353541374207,
      0.6035353541374207,
      0.6035353541374207,
      0.6035353541374207,
      0.6035353541374207,
      0.6035353541374207,
      0.6035353541374207,
      0.6035353541374207,
      0.6035353541374207,
      0.6035353541374207,
      0.6035353541374207,
      0.6035353541374207,
      0.6035353541374207,
      0.6035353541374207,
      0.6035353541374207,
      0.6035353541374207,
      0.6035353541374207,
      0.6035353541374207,
      0.6035353541374207,
      0.6035353541374207,
      0.6035353541374207,
      0.6035353541374207,
      0.6035353541374207,
      0.6035353541374207,
      0.6035353541374207,
      0.6035353541374207,
      0.6035353541374207,
      0.6035353541374207,
      0.6010100841522217,
      0.6035353541374207,
      0.6035353541374207,
      0.6035353541374207,
      0.6035353541374207,
      0.6035353541374207,
      0.6035353541374207,
      0.6035353541374207,
      0.6035353541374207,
      0.6035353541374207,
      0.6035353541374207,
      0.6035353541374207,
      0.6035353541374207,
      0.6035353541374207,
      0.6035353541374207,
      0.6035353541374207,
      0.6035353541374207,
      0.6035353541374207,
      0.6035353541374207
    ]
  }
}