{
  "test_subject": 3,
  "feature_method": "wavelet",
  "graph_methods": [
    "plv",
    "coherence",
    "correlation",
    "mi",
    "aec"
  ],
  "num_graph_types": 5,
  "hidden_dim": 64,
  "num_epochs": 100,
  "train_samples": 396,
  "test_samples": 18,
  "test_accuracy": 0.5555555555555556,
  "training_history": {
    "loss": [
      263.3677673339844,
      302.4616394042969,
      497.23931884765625,
      203.77627563476562,
      176.70974731445312,
      85.33344268798828,
      96.67245483398438,
      69.08323669433594,
      52.16335678100586,
      36.42428207397461,
      23.768150329589844,
      12.075724601745605,
      6.000077724456787,
      1.8886418342590332,
      1.1673723459243774,
      0.7470731735229492,
      0.7421538829803467,
      0.6926820278167725,
      0.7258629202842712,
      0.7297248244285583,
      0.696373462677002,
      0.6962714791297913,
      0.6961624622344971,
      0.6960474848747253,
      0.6959266066551208,
      0.6958006024360657,
      0.6956703662872314,
      0.6955356001853943,
      0.6953975558280945,
      0.695256233215332,
      0.6951117515563965,
      0.6949650049209595,
      0.6948158144950867,
      0.6946643590927124,
      0.694511353969574,
      0.6943565011024475,
      0.6942003965377808,
      0.6940430998802185,
      0.6938844919204712,
      0.6937252283096313,
      0.700626790523529,
      0.6934044361114502,
      0.693243145942688,
      0.6930815577507019,
      0.6929197311401367,
      0.6927573680877686,
      0.6925948858261108,
      0.6924323439598083,
      0.6922696828842163,
      0.6921072006225586,
      0.6919448375701904,
      0.6917824745178223,
      0.691620409488678,
      0.6914585828781128,
      0.6912967562675476,
      0.6911355257034302,
      0.690974771976471,
      0.6908142566680908,
      0.6906542778015137,
      0.6904946565628052,
      0.6903355717658997,
      0.6901770830154419,
      0.6900187730789185,
      0.6898614168167114,
      0.6897042989730835,
      0.6895478963851929,
      0.6893923282623291,
      0.6892368197441101,
      0.6890824437141418,
      0.6889285445213318,
      0.6887752413749695,
      0.6886224746704102,
      0.6884708404541016,
      0.6883195638656616,
      0.6881691813468933,
      0.688019335269928,
      0.687870442867279,
      0.6877223253250122,
      0.6875744462013245,
      0.6874273419380188,
      0.6872813105583191,
      0.6871359348297119,
      0.686991274356842,
      0.6868473291397095,
      0.6867043972015381,
      0.6865619421005249,
      0.6864201426506042,
      0.6862795948982239,
      0.6861395835876465,
      0.6860003471374512,
      0.6858618259429932,
      0.6857239007949829,
      0.6855871677398682,
      0.6854509115219116,
      0.6853155493736267,
      0.6851809620857239,
      0.6850472092628479,
      0.6849143505096436,
      0.684782087802887,
      0.6846505999565125
    ],
    "accuracy": [
      0.5353535413742065,
      0.5934343338012695,
      0.4292929172515869,
      0.47979798913002014,
      0.6060606241226196,
      0.5479797720909119,
      0.4848484992980957,
      0.5530303120613098,
      0.5378788113594055,
      0.5353535413742065,
      0.4873737394809723,
      0.560606062412262,
      0.5101010203361511,
      0.44949495792388916,
      0.4040403962135315,
      0.3888888955116272,
      0.39393940567970276,
      0.39898988604545593,
      0.39393940567970276,
      0.3888888955116272,
      0.3914141356945038,
      0.3914141356945038,
      0.3914141356945038,
      0.3914141356945038,
      0.3914141356945038,
      0.3914141356945038,
      0.3914141356945038,
      0.3914141356945038,
      0.3914141356945038,
      0.3914141356945038,
      0.3914141356945038,
      0.3914141356945038,
      0.3914141356945038,
      0.3914141356945038,
      0.3914141356945038,
      0.3914141356945038,
      0.3914141356945038,
      0.3914141356945038,
      0.3914141356945038,
      0.3914141356945038,
      0.3888888955116272,
      0.3914141356945038,
      0.3914141356945038,
      0.6085858345031738,
      0.6085858345031738,
      0.6085858345031738,
      0.6085858345031738,
      0.6085858345031738,
      0.6085858345031738,
      0.6085858345031738,
      0.6085858345031738,
      0.6085858345031738,
      0.6085858345031738,
      0.6085858345031738,
      0.6085858345031738,
      0.6085858345031738,
      0.6085858345031738,
      0.6085858345031738,
      0.6085858345031738,
      0.6085858345031738,
      0.6085858345031738,
      0.6085858345031738,
      0.6085858345031738,
      0.6085858345031738,
      0.6085858345031738,
      0.6085858345031738,
      0.6085858345031738,
      0.6085858345031738,
      0.6085858345031738,
      0.6085858345031738,
      0.6085858345031738,
      0.6085858345031738,
      0.6085858345031738,
      0.6085858345031738,
      0.6085858345031738,
      0.6085858345031738,
      0.6085858345031738,
      0.6085858345031738,
      0.6085858345031738,
      0.6085858345031738,
      0.6085858345031738,
      0.6085858345031738,
      0.6085858345031738,
      0.6085858345031738,
      0.6085858345031738,
      0.6085858345031738,
      0.6085858345031738,
      0.6085858345031738,
      0.6085858345031738,
      0.6085858345031738,
      0.6085858345031738,
      0.6085858345031738,
      0.6085858345031738,
      0.6085858345031738,
      0.6085858345031738,
      0.6085858345031738,
      0.6085858345031738,
      0.6085858345031738,
      0.6085858345031738,
      0.6085858345031738
    ]
  }
}