{
  "test_subject": 1,
  "feature_method": "wavelet",
  "graph_methods": [
    "plv",
    "coherence",
    "correlation",
    "mi",
    "aec"
  ],
  "num_graph_types": 5,
  "hidden_dim": 64,
  "num_epochs": 100,
  "train_samples": 396,
  "test_samples": 18,
  "test_accuracy": 0.5,
  "training_history": {
    "loss": [
      264.812744140625,
      325.4132995605469,
      445.8093566894531,
      179.79229736328125,
      177.09461975097656,
      205.8543701171875,
      141.06729125976562,
      68.30780792236328,
      71.1015853881836,
      83.30648040771484,
      64.03278350830078,
      34.568817138671875,
      31.348892211914062,
      32.15419387817383,
      22.95365333557129,
      14.85083293914795,
      11.776934623718262,
      7.604361057281494,
      6.960579872131348,
      5.127113342285156,
      4.790281772613525,
      2.2735533714294434,
      1.2207584381103516,
      0.8189347386360168,
      0.810110330581665,
      0.701971709728241,
      0.7174584269523621,
      0.6996793150901794,
      0.7274404168128967,
      0.7086746692657471,
      0.6987321376800537,
      0.6997733116149902,
      0.735471785068512,
      0.6960604190826416,
      0.6886434555053711,
      0.7005640864372253,
      0.6957186460494995,
      0.701562225818634,
      0.6954560875892639,
      0.7064236998558044,
      0.6987794637680054,
      0.7165771722793579,
      0.7775722742080688,
      0.6978388428688049,
      0.6963253617286682,
      0.6946414709091187,
      0.7340651750564575,
      0.694618284702301,
      0.6942685842514038,
      0.6978042125701904,
      0.6940171718597412,
      0.6938907504081726,
      0.6937640905380249,
      0.6936370134353638,
      0.6935093998908997,
      0.6916769742965698,
      0.6932536959648132,
      0.700838565826416,
      0.7016057968139648,
      0.6928693056106567,
      0.6927406787872314,
      0.7154406309127808,
      0.69248366355896,
      0.6913946866989136,
      0.6922262907028198,
      0.6919752359390259,
      0.6919685006141663,
      0.6934940218925476,
      0.6913057565689087,
      0.6915814280509949,
      0.694878339767456,
      0.6913235783576965,
      0.6911947131156921,
      0.6910658478736877,
      0.690937340259552,
      0.6908085942268372,
      0.6906800866127014,
      0.6905517578125,
      0.6909360289573669,
      0.6902954578399658,
      0.6901671886444092,
      0.6900397539138794,
      0.6899120211601257,
      0.6897848844528198,
      0.6914112567901611,
      0.6895309686660767,
      0.6894044280052185,
      0.6892780065536499,
      0.68915194272995,
      0.6890260577201843,
      0.6889004111289978,
      0.6887751221656799,
      0.6884941458702087,
      0.6885255575180054,
      0.6881643533706665,
      0.6882771253585815,
      0.6881535053253174,
      0.688029944896698,
      0.6879069805145264,
      0.6877841949462891
    ],
    "accuracy": [
      0.5353535413742065,
      0.6111111044883728,
      0.4141414165496826,
      0.46464645862579346,
      0.5984848737716675,
      0.5984848737716675,
      0.6085858345031738,
      0.5681818127632141,
      0.47979798913002014,
      0.43939393758773804,
      0.4722222089767456,
      0.5353535413742065,
      0.5984848737716675,
      0.5555555820465088,
      0.5631313323974609,
      0.5833333134651184,
      0.5328282713890076,
      0.5479797720909119,
      0.4469696879386902,
      0.47727271914482117,
      0.4166666567325592,
      0.39393940567970276,
      0.39898988604545593,
      0.3914141356945038,
      0.39393940567970276,
      0.39393940567970276,
      0.3914141356945038,
      0.3888888955116272,
      0.3914141356945038,
      0.39393940567970276,
      0.39393940567970276,
      0.3863636255264282,
      0.3863636255264282,
      0.3888888955116272,
      0.4015151560306549,
      0.3863636255264282,
      0.3888888955116272,
      0.39393940567970276,
      0.3914141356945038,
      0.3914141356945038,
      0.3914141356945038,
      0.38383838534355164,
      0.3863636255264282,
      0.3863636255264282,
      0.3888888955116272,
      0.3888888955116272,
      0.3888888955116272,
      0.3863636255264282,
      0.3888888955116272,
      0.3863636255264282,
      0.3888888955116272,
      0.3888888955116272,
      0.3888888955116272,
      0.3888888955116272,
      0.3888888955116272,
      0.3914141356945038,
      0.3888888955116272,
      0.6111111044883728,
      0.6111111044883728,
      0.6111111044883728,
      0.6111111044883728,
      0.6111111044883728,
      0.6111111044883728,
      0.6111111044883728,
      0.6111111044883728,
      0.6111111044883728,
      0.6111111044883728,
      0.6085858345031738,
      0.6111111044883728,
      0.6111111044883728,
      0.6111111044883728,
      0.6111111044883728,
      0.6111111044883728,
      0.6111111044883728,
      0.6111111044883728,
      0.6111111044883728,
      0.6111111044883728,
      0.6111111044883728,
      0.6111111044883728,
      0.6111111044883728,
      0.6111111044883728,
      0.6111111044883728,
      0.6111111044883728,
      0.6111111044883728,
      0.6111111044883728,
      0.6111111044883728,
      0.6111111044883728,
      0.6111111044883728,
      0.6111111044883728,
      0.6111111044883728,
      0.6111111044883728,
      0.6111111044883728,
      0.6111111044883728,
      0.6111111044883728,
      0.6111111044883728,
      0.6111111044883728,
      0.6111111044883728,
      0.6111111044883728,
      0.6111111044883728,
      0.6111111044883728
    ]
  }
}