{
  "test_subject": 9,
  "feature_method": "wavelet",
  "graph_methods": [
    "plv",
    "coherence",
    "correlation",
    "mi",
    "aec"
  ],
  "num_graph_types": 5,
  "hidden_dim": 64,
  "num_epochs": 100,
  "train_samples": 396,
  "test_samples": 18,
  "test_accuracy": 0.5555555555555556,
  "training_history": {
    "loss": [
      264.9781799316406,
      349.06488037109375,
      614.6741943359375,
      162.10653686523438,
      260.9081115722656,
      278.7107238769531,
      198.2211151123047,
      110.48434448242188,
      53.12929916381836,
      58.008872985839844,
      72.29508972167969,
      57.90769958496094,
      34.40626525878906,
      21.04370880126953,
      16.785240173339844,
      15.351975440979004,
      15.811482429504395,
      10.347661972045898,
      7.3515777587890625,
      5.12945556640625,
      3.283787965774536,
      1.9551279544830322,
      1.6011033058166504,
      1.1865965127944946,
      1.1108486652374268,
      0.7668832540512085,
      0.828397274017334,
      0.7242553234100342,
      0.852748453617096,
      0.7326042056083679,
      0.6954258680343628,
      0.695097029209137,
      0.6955726742744446,
      0.6967285871505737,
      0.6951385736465454,
      0.6978222131729126,
      0.696532666683197,
      0.6964421272277832,
      0.6985114216804504,
      0.6947673559188843,
      0.6961567997932434,
      0.7074131965637207,
      0.6959565877914429,
      0.69581139087677,
      0.6943027377128601,
      0.7181054949760437,
      0.6955371499061584,
      0.6954290270805359,
      0.6955623626708984,
      0.7150766253471375,
      0.6954432129859924,
      0.6962047815322876,
      0.6944812536239624,
      0.6947593092918396,
      0.6946450471878052,
      0.6945303082466125,
      0.6944146752357483,
      0.6942989230155945,
      0.6941825747489929,
      0.6940657496452332,
      0.69394850730896,
      0.6938310861587524,
      0.6938932538032532,
      0.693595290184021,
      0.6934767961502075,
      0.6933583617210388,
      0.6932395100593567,
      0.8220164179801941,
      0.6930015087127686,
      0.6928823590278625,
      0.6923457980155945,
      0.6926440000534058,
      0.6929805874824524,
      0.692405104637146,
      0.6922857165336609,
      0.6925812363624573,
      0.6920465230941772,
      0.6919271945953369,
      0.6918076276779175,
      0.6915484070777893,
      0.6915691494941711,
      0.6914497017860413,
      0.6913303136825562,
      0.7421477437019348,
      0.6910926103591919,
      0.6907598376274109,
      0.690855085849762,
      0.6907365322113037,
      0.6888766288757324,
      0.690500020980835,
      0.6903818845748901,
      0.6900793313980103,
      0.6901460886001587,
      0.689899742603302,
      0.6899111866950989,
      0.68979412317276,
      0.6873085498809814,
      0.6895806193351746,
      0.689443826675415,
      0.6893277168273926
    ],
    "accuracy": [
      0.5227272510528564,
      0.5732322931289673,
      0.4015151560306549,
      0.42171716690063477,
      0.5984848737716675,
      0.6060606241226196,
      0.6085858345031738,
      0.6060606241226196,
      0.5328282713890076,
      0.4267676770687103,
      0.4444444477558136,
      0.4318181872367859,
      0.4343434274196625,
      0.4747474789619446,
      0.5782828330993652,
      0.5858585834503174,
      0.5732322931289673,
      0.6035353541374207,
      0.5808081030845642,
      0.5732322931289673,
      0.4595959484577179,
      0.4267676770687103,
      0.4040403962135315,
      0.3888888955116272,
      0.39646464586257935,
      0.39393940567970276,
      0.39646464586257935,
      0.3914141356945038,
      0.3914141356945038,
      0.3914141356945038,
      0.3914141356945038,
      0.3914141356945038,
      0.3914141356945038,
      0.39393940567970276,
      0.39393940567970276,
      0.3914141356945038,
      0.3914141356945038,
      0.3914141356945038,
      0.3888888955116272,
      0.3914141356945038,
      0.3914141356945038,
      0.3914141356945038,
      0.3914141356945038,
      0.39393940567970276,
      0.3914141356945038,
      0.3914141356945038,
      0.3914141356945038,
      0.3914141356945038,
      0.3914141356945038,
      0.3914141356945038,
      0.3888888955116272,
      0.3914141356945038,
      0.39393940567970276,
      0.3914141356945038,
      0.3914141356945038,
      0.3914141356945038,
      0.3914141356945038,
      0.3914141356945038,
      0.3914141356945038,
      0.3914141356945038,
      0.3914141356945038,
      0.3914141356945038,
      0.3914141356945038,
      0.3914141356945038,
      0.3914141356945038,
      0.3914141356945038,
      0.3914141356945038,
      0.6060606241226196,
      0.6085858345031738,
      0.6085858345031738,
      0.6085858345031738,
      0.6085858345031738,
      0.6060606241226196,
      0.6085858345031738,
      0.6085858345031738,
      0.6060606241226196,
      0.6085858345031738,
      0.6085858345031738,
      0.6085858345031738,
      0.6085858345031738,
      0.6085858345031738,
      0.6085858345031738,
      0.6085858345031738,
      0.6085858345031738,
      0.6085858345031738,
      0.6111111044883728,
      0.6085858345031738,
      0.6085858345031738,
      0.6111111044883728,
      0.6085858345031738,
      0.6085858345031738,
      0.6060606241226196,
      0.6085858345031738,
      0.6085858345031738,
      0.6085858345031738,
      0.6085858345031738,
      0.6111111044883728,
      0.6085858345031738,
      0.6085858345031738,
      0.6085858345031738
    ]
  }
}