{
  "test_subject": 7,
  "feature_method": "wavelet",
  "graph_methods": [
    "plv",
    "coherence",
    "correlation",
    "mi",
    "aec"
  ],
  "num_graph_types": 5,
  "hidden_dim": 64,
  "num_epochs": 100,
  "train_samples": 396,
  "test_samples": 18,
  "test_accuracy": 0.7222222222222222,
  "training_history": {
    "loss": [
      260.816650390625,
      323.0397033691406,
      548.5738525390625,
      180.2049560546875,
      196.55218505859375,
      236.54136657714844,
      194.705810546875,
      127.6745376586914,
      64.00672149658203,
      38.427276611328125,
      47.761234283447266,
      51.79936599731445,
      39.11543655395508,
      24.557222366333008,
      11.92094898223877,
      9.419228553771973,
      10.605742454528809,
      7.9500017166137695,
      6.109208583831787,
      4.7539143562316895,
      3.269041061401367,
      1.9638292789459229,
      1.138683557510376,
      0.89548659324646,
      0.758847177028656,
      0.7306122183799744,
      0.7578875422477722,
      0.7537097930908203,
      0.6968840956687927,
      0.7004560828208923,
      0.6960288286209106,
      0.6961562037467957,
      0.6960151195526123,
      0.6965629458427429,
      0.696541428565979,
      0.696353018283844,
      0.6963638067245483,
      0.6969748735427856,
      0.6953156590461731,
      0.695981502532959,
      0.696011483669281,
      0.6960275769233704,
      0.6939758062362671,
      0.6960447430610657,
      0.695764422416687,
      0.6955620646476746,
      0.6946714520454407,
      0.6957241892814636,
      0.6952104568481445,
      0.6952879428863525,
      0.6955618858337402,
      0.6950873732566833,
      0.6936923861503601,
      0.6948826909065247,
      0.694766640663147,
      0.6946744918823242,
      0.6945690512657166,
      0.6943778395652771,
      0.7153039574623108,
      0.6940862536430359,
      0.6941415667533875,
      0.6938515901565552,
      0.6937158107757568,
      0.6936143636703491,
      0.6938380002975464,
      0.6935968399047852,
      0.6934871673583984,
      0.6933770775794983,
      0.6951022744178772,
      0.693074643611908,
      0.6912821531295776,
      0.6929360032081604,
      0.6928253173828125,
      0.6927147507667542,
      0.6924577951431274,
      0.6922104358673096,
      0.6914570927619934,
      0.691763162612915,
      0.690398633480072,
      0.6916872262954712,
      0.6917831897735596,
      0.6918297410011292,
      0.7098864912986755,
      0.6917951107025146,
      0.6917986869812012,
      0.6910797953605652,
      0.6912792325019836,
      0.9106587171554565,
      0.6907079815864563,
      0.6905867457389832,
      0.6908420324325562,
      0.6898245811462402,
      0.6889806389808655,
      0.6905164122581482,
      0.69040846824646,
      0.6899495720863342,
      0.6897150874137878,
      0.6904141306877136,
      0.689756453037262,
      0.690754771232605
    ],
    "accuracy": [
      0.5202020406723022,
      0.5782828330993652,
      0.39898988604545593,
      0.4444444477558136,
      0.6136363744735718,
      0.5808081030845642,
      0.6111111044883728,
      0.5883838534355164,
      0.6136363744735718,
      0.5202020406723022,
      0.4722222089767456,
      0.42424243688583374,
      0.4040403962135315,
      0.4419191777706146,
      0.5176767706871033,
      0.5631313323974609,
      0.5479797720909119,
      0.5454545617103577,
      0.5479797720909119,
      0.5353535413742065,
      0.49242424964904785,
      0.4419191777706146,
      0.4318181872367859,
      0.3914141356945038,
      0.4141414165496826,
      0.4040403962135315,
      0.4141414165496826,
      0.39898988604545593,
      0.39646464586257935,
      0.4040403962135315,
      0.4040403962135315,
      0.4015151560306549,
      0.4040403962135315,
      0.39898988604545593,
      0.39898988604545593,
      0.4015151560306549,
      0.4015151560306549,
      0.39898988604545593,
      0.4015151560306549,
      0.4015151560306549,
      0.4015151560306549,
      0.39898988604545593,
      0.4015151560306549,
      0.39646464586257935,
      0.39898988604545593,
      0.4015151560306549,
      0.4040403962135315,
      0.39646464586257935,
      0.4015151560306549,
      0.39898988604545593,
      0.39646464586257935,
      0.39898988604545593,
      0.4040403962135315,
      0.39898988604545593,
      0.39898988604545593,
      0.39898988604545593,
      0.39898988604545593,
      0.4015151560306549,
      0.4015151560306549,
      0.4015151560306549,
      0.39898988604545593,
      0.39898988604545593,
      0.4040403962135315,
      0.4040403962135315,
      0.39646464586257935,
      0.39898988604545593,
      0.39898988604545593,
      0.39898988604545593,
      0.3914141356945038,
      0.4015151560306549,
      0.6010100841522217,
      0.6010100841522217,
      0.6010100841522217,
      0.6010100841522217,
      0.6010100841522217,
      0.6010100841522217,
      0.6010100841522217,
      0.6035353541374207,
      0.6035353541374207,
      0.6010100841522217,
      0.6010100841522217,
      0.6010100841522217,
      0.5984848737716675,
      0.6010100841522217,
      0.6010100841522217,
      0.6010100841522217,
      0.6010100841522217,
      0.6010100841522217,
      0.6035353541374207,
      0.6010100841522217,
      0.6010100841522217,
      0.6010100841522217,
      0.6010100841522217,
      0.6010100841522217,
      0.6010100841522217,
      0.6010100841522217,
      0.6010100841522217,
      0.6010100841522217,
      0.6010100841522217,
      0.6010100841522217
    ]
  }
}