{
  "test_subject": 12,
  "feature_method": "wavelet",
  "graph_methods": [
    "plv",
    "coherence",
    "correlation",
    "mi",
    "aec"
  ],
  "num_graph_types": 5,
  "hidden_dim": 64,
  "num_epochs": 100,
  "train_samples": 396,
  "test_samples": 18,
  "test_accuracy": 0.5,
  "training_history": {
    "loss": [
      259.677978515625,
      694.9956665039062,
      391.6706237792969,
      199.41432189941406,
      176.009521484375,
      140.07562255859375,
      102.80402374267578,
      76.00723266601562,
      52.70310592651367,
      34.28862762451172,
      25.837146759033203,
      16.33527183532715,
      12.066034317016602,
      7.099091529846191,
      3.273670196533203,
      1.0601563453674316,
      1.449228048324585,
      0.808104932308197,
      0.7031304240226746,
      0.7211079597473145,
      0.7067758440971375,
      0.6979109048843384,
      0.7690534591674805,
      0.6952881217002869,
      0.6961877942085266,
      0.6984469294548035,
      0.6934682726860046,
      0.695564866065979,
      0.6956098675727844,
      0.6942149996757507,
      0.6936458945274353,
      0.6946629881858826,
      0.6939599514007568,
      0.6946617960929871,
      0.6966509819030762,
      0.6938634514808655,
      0.6941965818405151,
      0.6940392255783081,
      0.6938811540603638,
      0.6937222480773926,
      0.6935361623764038,
      0.6934027671813965,
      0.6932421326637268,
      0.6930810809135437,
      0.6929200291633606,
      0.6927585005760193,
      0.6925970315933228,
      0.6924351453781128,
      0.6922736167907715,
      0.6909752488136292,
      0.6914712190628052,
      0.6917887926101685,
      0.6916276812553406,
      0.6914666891098022,
      0.6905542016029358,
      0.6971451640129089,
      0.6909851431846619,
      0.6908254027366638,
      0.6906657218933105,
      0.6905067563056946,
      0.6903480887413025,
      0.6966932415962219,
      0.690031886100769,
      0.6906940937042236,
      0.688007652759552,
      0.6895618438720703,
      0.6901256442070007,
      0.6887847185134888,
      0.6890963912010193,
      0.6882611513137817,
      0.6884739995002747,
      0.6886360049247742,
      0.7098694443702698,
      0.688331663608551,
      0.6881805062294006,
      0.6880297660827637,
      0.6878795623779297,
      0.6860067844390869,
      0.687581479549408,
      0.6862689852714539,
      0.6872857809066772,
      0.6871389746665955,
      0.6869928240776062,
      0.6868473291397095,
      0.6867028474807739,
      0.6862472295761108,
      0.6864153146743774,
      0.6862725019454956,
      0.6856212615966797,
      0.6859895586967468,
      0.6858491897583008,
      0.6857094764709473,
      0.685209333896637,
      0.6854320764541626,
      0.6852945685386658,
      0.6851577162742615,
      0.6850214600563049,
      0.6848862767219543,
      0.6847516298294067,
      0.6846177577972412
    ],
    "accuracy": [
      0.5227272510528564,
      0.618686854839325,
      0.39646464586257935,
      0.47979798913002014,
      0.558080792427063,
      0.5808081030845642,
      0.5277777910232544,
      0.48232322931289673,
      0.5101010203361511,
      0.558080792427063,
      0.558080792427063,
      0.5328282713890076,
      0.4898989796638489,
      0.4595959484577179,
      0.44949495792388916,
      0.4040403962135315,
      0.4015151560306549,
      0.4040403962135315,
      0.39393940567970276,
      0.39393940567970276,
      0.39898988604545593,
      0.3863636255264282,
      0.39393940567970276,
      0.39646464586257935,
      0.3888888955116272,
      0.3888888955116272,
      0.39646464586257935,
      0.3863636255264282,
      0.3863636255264282,
      0.3888888955116272,
      0.39646464586257935,
      0.3914141356945038,
      0.3888888955116272,
      0.3888888955116272,
      0.38383838534355164,
      0.3914141356945038,
      0.3888888955116272,
      0.3888888955116272,
      0.3888888955116272,
      0.3888888955116272,
      0.3914141356945038,
      0.3888888955116272,
      0.3888888955116272,
      0.6111111044883728,
      0.6111111044883728,
      0.6111111044883728,
      0.6111111044883728,
      0.6111111044883728,
      0.6111111044883728,
      0.6111111044883728,
      0.6111111044883728,
      0.6111111044883728,
      0.6111111044883728,
      0.6111111044883728,
      0.6111111044883728,
      0.6111111044883728,
      0.6111111044883728,
      0.6111111044883728,
      0.6111111044883728,
      0.6111111044883728,
      0.6111111044883728,
      0.6111111044883728,
      0.6111111044883728,
      0.6111111044883728,
      0.6111111044883728,
      0.6111111044883728,
      0.6111111044883728,
      0.6111111044883728,
      0.6111111044883728,
      0.6111111044883728,
      0.6111111044883728,
      0.6111111044883728,
      0.6085858345031738,
      0.6111111044883728,
      0.6111111044883728,
      0.6111111044883728,
      0.6111111044883728,
      0.6136363744735718,
      0.6111111044883728,
      0.6111111044883728,
      0.6111111044883728,
      0.6111111044883728,
      0.6111111044883728,
      0.6111111044883728,
      0.6111111044883728,
      0.6111111044883728,
      0.6111111044883728,
      0.6111111044883728,
      0.6111111044883728,
      0.6111111044883728,
      0.6111111044883728,
      0.6111111044883728,
      0.6111111044883728,
      0.6111111044883728,
      0.6111111044883728,
      0.6111111044883728,
      0.6111111044883728,
      0.6111111044883728,
      0.6111111044883728,
      0.6111111044883728
    ]
  }
}