{
  "test_subject": 21,
  "feature_method": "wavelet",
  "graph_methods": [
    "plv",
    "coherence",
    "correlation",
    "mi",
    "aec"
  ],
  "num_graph_types": 5,
  "hidden_dim": 64,
  "num_epochs": 100,
  "train_samples": 396,
  "test_samples": 18,
  "test_accuracy": 0.6666666666666666,
  "training_history": {
    "loss": [
      260.06298828125,
      733.6629638671875,
      239.66990661621094,
      245.37612915039062,
      132.85336303710938,
      161.61480712890625,
      100.1060791015625,
      67.08968353271484,
      55.14942932128906,
      42.00843811035156,
      45.51020812988281,
      23.315454483032227,
      16.67470359802246,
      13.4327974319458,
      13.415972709655762,
      9.54146671295166,
      5.540866851806641,
      4.109247207641602,
      2.1706628799438477,
      1.4973112344741821,
      1.056692361831665,
      1.2468693256378174,
      1.07930326461792,
      0.7823917269706726,
      0.6980426907539368,
      0.7673304677009583,
      0.6936103701591492,
      0.6924553513526917,
      0.6930391788482666,
      0.6952786445617676,
      0.6949517726898193,
      0.6968812346458435,
      0.6964797973632812,
      0.6961624622344971,
      0.6961825489997864,
      0.695795476436615,
      0.6959062814712524,
      0.6956287026405334,
      0.6963472962379456,
      0.6954132318496704,
      0.6952089071273804,
      0.6951130032539368,
      0.6950022578239441,
      0.6948368549346924,
      0.6946974396705627,
      0.6945561766624451,
      0.6944138407707214,
      0.6942873597145081,
      0.6941086053848267,
      0.6939809918403625,
      0.6938353180885315,
      0.6936889290809631,
      0.693541944026947,
      0.6933947205543518,
      0.6932470202445984,
      0.6930993795394897,
      0.692951500415802,
      0.6928033828735352,
      0.6926553249359131,
      0.6925073266029358,
      0.6923595666885376,
      0.6922118663787842,
      0.6920642256736755,
      0.6919168829917908,
      0.6917698383331299,
      0.6916230916976929,
      0.6914767026901245,
      0.6913305521011353,
      0.6911846995353699,
      0.6910393238067627,
      0.690894603729248,
      0.6907501220703125,
      0.6906061172485352,
      0.6904627680778503,
      0.6903198957443237,
      0.6901771426200867,
      0.6900352835655212,
      0.6898940205574036,
      0.6897532343864441,
      0.6896128058433533,
      0.6894733309745789,
      0.6893343925476074,
      0.6891958713531494,
      0.6890580654144287,
      0.6889209151268005,
      0.6887841820716858,
      0.6886484026908875,
      0.6885130405426025,
      0.6883783936500549,
      0.6882445812225342,
      0.6881110668182373,
      0.6879785060882568,
      0.6878464818000793,
      0.6877151727676392,
      0.6875844597816467,
      0.6874545216560364,
      0.687325119972229,
      0.6871963739395142,
      0.68706876039505,
      0.6869414448738098
    ],
    "accuracy": [
      0.5050504803657532,
      0.6035353541374207,
      0.44949495792388916,
      0.4166666567325592,
      0.5656565427780151,
      0.5656565427780151,
      0.5833333134651184,
      0.5328282713890076,
      0.5151515007019043,
      0.4848484992980957,
      0.46464645862579346,
      0.5151515007019043,
      0.5277777910232544,
      0.49494948983192444,
      0.5404040217399597,
      0.5631313323974609,
      0.5328282713890076,
      0.5252525210380554,
      0.4469696879386902,
      0.43939393758773804,
      0.4292929172515869,
      0.4015151560306549,
      0.4015151560306549,
      0.4040403962135315,
      0.4292929172515869,
      0.39393940567970276,
      0.3888888955116272,
      0.4166666567325592,
      0.40656566619873047,
      0.39898988604545593,
      0.39898988604545593,
      0.39646464586257935,
      0.39646464586257935,
      0.39646464586257935,
      0.39646464586257935,
      0.39646464586257935,
      0.39646464586257935,
      0.39646464586257935,
      0.39646464586257935,
      0.39646464586257935,
      0.39646464586257935,
      0.39646464586257935,
      0.39646464586257935,
      0.39646464586257935,
      0.39646464586257935,
      0.39646464586257935,
      0.39646464586257935,
      0.39646464586257935,
      0.39646464586257935,
      0.39646464586257935,
      0.39646464586257935,
      0.39646464586257935,
      0.39646464586257935,
      0.39646464586257935,
      0.39646464586257935,
      0.6035353541374207,
      0.6035353541374207,
      0.6035353541374207,
      0.6035353541374207,
      0.6035353541374207,
      0.6035353541374207,
      0.6035353541374207,
      0.6035353541374207,
      0.6035353541374207,
      0.6035353541374207,
      0.6035353541374207,
      0.6035353541374207,
      0.6035353541374207,
      0.6035353541374207,
      0.6035353541374207,
      0.6035353541374207,
      0.6035353541374207,
      0.6035353541374207,
      0.6035353541374207,
      0.6035353541374207,
      0.6035353541374207,
      0.6035353541374207,
      0.6035353541374207,
      0.6035353541374207,
      0.6035353541374207,
      0.6035353541374207,
      0.6035353541374207,
      0.6035353541374207,
      0.6035353541374207,
      0.6035353541374207,
      0.6035353541374207,
      0.6035353541374207,
      0.6035353541374207,
      0.6035353541374207,
      0.6035353541374207,
      0.6035353541374207,
      0.6035353541374207,
      0.6035353541374207,
      0.6035353541374207,
      0.6035353541374207,
      0.6035353541374207,
      0.6035353541374207,
      0.6035353541374207,
      0.6035353541374207,
      0.6035353541374207
    ]
  }
}