{
  "test_subject": 4,
  "feature_method": "wavelet",
  "graph_methods": [
    "plv",
    "coherence",
    "correlation",
    "mi",
    "aec"
  ],
  "num_graph_types": 5,
  "hidden_dim": 64,
  "num_epochs": 100,
  "train_samples": 396,
  "test_samples": 18,
  "test_accuracy": 0.7777777777777778,
  "training_history": {
    "loss": [
      263.78143310546875,
      232.28521728515625,
      671.0447998046875,
      184.2862548828125,
      262.55877685546875,
      307.7221984863281,
      207.51036071777344,
      108.54869842529297,
      138.499755859375,
      151.7194366455078,
      81.84823608398438,
      42.405025482177734,
      52.9306526184082,
      40.5488166809082,
      28.014482498168945,
      14.2763032913208,
      12.336220741271973,
      7.293334484100342,
      4.105987071990967,
      1.9781198501586914,
      0.8976254463195801,
      0.8488186001777649,
      0.7492689490318298,
      0.6904667019844055,
      0.6965141892433167,
      0.7273861169815063,
      0.7115107774734497,
      0.7188531160354614,
      0.6946777701377869,
      0.7302766442298889,
      0.6945019960403442,
      0.6961935758590698,
      0.6986572742462158,
      0.6999024748802185,
      0.6959676146507263,
      0.6958868503570557,
      0.6958037614822388,
      0.6957187056541443,
      0.698388934135437,
      0.6955423355102539,
      0.6950417160987854,
      0.6953588128089905,
      0.6952651143074036,
      0.6951699256896973,
      0.6932988166809082,
      0.6932503581047058,
      0.6948774456977844,
      0.6947780847549438,
      0.6946776509284973,
      0.694576621055603,
      0.6944746375083923,
      0.6943719983100891,
      0.6942477822303772,
      0.6941651701927185,
      0.7255615592002869,
      0.6939560770988464,
      0.6938508152961731,
      0.6937453746795654,
      0.6936395168304443,
      0.6935332417488098,
      0.693426787853241,
      0.693320095539093,
      0.693213164806366,
      0.6931060552597046,
      0.6929989457130432,
      0.692891538143158,
      0.6927840113639832,
      0.6926764845848083,
      0.6925690770149231,
      0.6924614310264587,
      0.6923539042472839,
      0.6922462582588196,
      0.6921389102935791,
      0.6920310258865356,
      0.6909921169281006,
      0.6918160915374756,
      0.6917085647583008,
      0.6916010975837708,
      0.6914940476417542,
      0.691386878490448,
      0.6912797689437866,
      0.6911730766296387,
      0.691066563129425,
      0.6938879489898682,
      0.6908535361289978,
      0.6907472610473633,
      0.6906412243843079,
      0.8313937187194824,
      0.6904297471046448,
      0.6914675235748291,
      0.6902188658714294,
      0.69011390209198,
      0.6900090575218201,
      0.6899046301841736,
      0.6898004412651062,
      0.6896963119506836,
      0.6895926594734192,
      0.6894893646240234,
      0.6893860101699829,
      0.6892834305763245
    ],
    "accuracy": [
      0.5303030014038086,
      0.5808081030845642,
      0.40656566619873047,
      0.46212121844291687,
      0.6010100841522217,
      0.5934343338012695,
      0.5934343338012695,
      0.5479797720909119,
      0.46464645862579346,
      0.4040403962135315,
      0.4015151560306549,
      0.5378788113594055,
      0.5681818127632141,
      0.5681818127632141,
      0.5833333134651184,
      0.6060606241226196,
      0.49494948983192444,
      0.4873737394809723,
      0.46212121844291687,
      0.40656566619873047,
      0.4040403962135315,
      0.4015151560306549,
      0.41161614656448364,
      0.4040403962135315,
      0.4015151560306549,
      0.4015151560306549,
      0.4015151560306549,
      0.4040403962135315,
      0.4015151560306549,
      0.4015151560306549,
      0.4015151560306549,
      0.4015151560306549,
      0.4015151560306549,
      0.4015151560306549,
      0.4015151560306549,
      0.4015151560306549,
      0.4015151560306549,
      0.4015151560306549,
      0.4015151560306549,
      0.4015151560306549,
      0.4015151560306549,
      0.4015151560306549,
      0.4015151560306549,
      0.4015151560306549,
      0.4040403962135315,
      0.4015151560306549,
      0.4015151560306549,
      0.4015151560306549,
      0.4015151560306549,
      0.4015151560306549,
      0.4015151560306549,
      0.4015151560306549,
      0.4015151560306549,
      0.4015151560306549,
      0.4015151560306549,
      0.4015151560306549,
      0.4015151560306549,
      0.4015151560306549,
      0.4015151560306549,
      0.4015151560306549,
      0.4015151560306549,
      0.4015151560306549,
      0.4015151560306549,
      0.5984848737716675,
      0.5984848737716675,
      0.5984848737716675,
      0.5984848737716675,
      0.5984848737716675,
      0.5984848737716675,
      0.5984848737716675,
      0.5984848737716675,
      0.5984848737716675,
      0.5984848737716675,
      0.5984848737716675,
      0.6010100841522217,
      0.5984848737716675,
      0.5984848737716675,
      0.5984848737716675,
      0.5984848737716675,
      0.5984848737716675,
      0.5984848737716675,
      0.5984848737716675,
      0.5984848737716675,
      0.5959596037864685,
      0.5984848737716675,
      0.5984848737716675,
      0.5984848737716675,
      0.5959596037864685,
      0.5984848737716675,
      0.5959596037864685,
      0.5984848737716675,
      0.5984848737716675,
      0.5984848737716675,
      0.5984848737716675,
      0.5984848737716675,
      0.5984848737716675,
      0.5984848737716675,
      0.5984848737716675,
      0.5984848737716675,
      0.5984848737716675
    ]
  }
}