{
  "test_subject": 10,
  "feature_method": "wavelet",
  "graph_methods": [
    "plv",
    "coherence",
    "correlation",
    "mi",
    "aec"
  ],
  "num_graph_types": 5,
  "hidden_dim": 64,
  "num_epochs": 100,
  "train_samples": 396,
  "test_samples": 18,
  "test_accuracy": 0.3333333333333333,
  "training_history": {
    "loss": [
      258.67828369140625,
      520.219482421875,
      676.8563232421875,
      209.7174072265625,
      306.2259826660156,
      354.36041259765625,
      254.63905334472656,
      124.97254943847656,
      104.1269302368164,
      114.32357025146484,
      80.77518463134766,
      53.536373138427734,
      36.45409393310547,
      19.750442504882812,
      11.150466918945312,
      5.549106121063232,
      2.7986502647399902,
      0.9951267242431641,
      0.8425247669219971,
      0.700857400894165,
      0.8098205327987671,
      0.7302747964859009,
      0.7081134915351868,
      0.7098310589790344,
      0.7951768636703491,
      0.69722980260849,
      0.697150707244873,
      0.6970645785331726,
      0.696971595287323,
      0.6968725919723511,
      0.6949800252914429,
      0.6966584920883179,
      0.6965444684028625,
      0.6964263319969177,
      0.6963040232658386,
      0.696178138256073,
      0.6960490345954895,
      0.6959170699119568,
      0.6957824230194092,
      0.695645272731781,
      0.6955060362815857,
      0.6953645944595337,
      0.6952214241027832,
      0.695076584815979,
      0.6949301958084106,
      0.6947826147079468,
      0.6946335434913635,
      0.6944834589958191,
      0.6943323016166687,
      0.694180428981781,
      0.6940276026725769,
      0.6938744783401489,
      0.6937201619148254,
      0.6935657262802124,
      0.6934107542037964,
      0.6932552456855774,
      0.6930996179580688,
      0.6929434537887573,
      0.6927869915962219,
      0.6926307082176208,
      0.6924740076065063,
      0.6923173666000366,
      0.6921607255935669,
      0.6920039057731628,
      0.6918471455574036,
      0.6916903257369995,
      0.6915338635444641,
      0.6913772821426392,
      0.6912209391593933,
      0.6910648345947266,
      0.6909087300300598,
      0.6907527446746826,
      0.6905971765518188,
      0.6904417872428894,
      0.6902868151664734,
      0.6901319026947021,
      0.6899776458740234,
      0.6898232698440552,
      0.6896694302558899,
      0.689516007900238,
      0.6893628835678101,
      0.6892101168632507,
      0.6890578866004944,
      0.6889057159423828,
      0.6887543797492981,
      0.6886031627655029,
      0.6884523630142212,
      0.6883020997047424,
      0.6881524324417114,
      0.6880028247833252,
      0.6878538727760315,
      0.687705397605896,
      0.6875575184822083,
      0.6874102354049683,
      0.6872631907463074,
      0.6871165037155151,
      0.6869704723358154,
      0.6868250966072083,
      0.6866801381111145,
      0.6865355968475342
    ],
    "accuracy": [
      0.5252525210380554,
      0.6136363744735718,
      0.3863636255264282,
      0.46717172861099243,
      0.6035353541374207,
      0.6161616444587708,
      0.6111111044883728,
      0.5479797720909119,
      0.4722222089767456,
      0.4469696879386902,
      0.46717172861099243,
      0.5631313323974609,
      0.5782828330993652,
      0.5757575631141663,
      0.5505050420761108,
      0.5631313323974609,
      0.49242424964904785,
      0.3888888955116272,
      0.38131314516067505,
      0.3863636255264282,
      0.39393940567970276,
      0.3737373650074005,
      0.38131314516067505,
      0.3787878751754761,
      0.38131314516067505,
      0.38131314516067505,
      0.38131314516067505,
      0.38131314516067505,
      0.38131314516067505,
      0.38131314516067505,
      0.38383838534355164,
      0.38131314516067505,
      0.38131314516067505,
      0.38131314516067505,
      0.38131314516067505,
      0.38131314516067505,
      0.38131314516067505,
      0.38131314516067505,
      0.38131314516067505,
      0.38131314516067505,
      0.38131314516067505,
      0.38131314516067505,
      0.38131314516067505,
      0.38131314516067505,
      0.38131314516067505,
      0.38131314516067505,
      0.38131314516067505,
      0.38131314516067505,
      0.38131314516067505,
      0.38131314516067505,
      0.38131314516067505,
      0.38131314516067505,
      0.38131314516067505,
      0.38131314516067505,
      0.38131314516067505,
      0.38131314516067505,
      0.618686854839325,
      0.618686854839325,
      0.618686854839325,
      0.618686854839325,
      0.618686854839325,
      0.618686854839325,
      0.618686854839325,
      0.618686854839325,
      0.618686854839325,
      0.618686854839325,
      0.618686854839325,
      0.618686854839325,
      0.618686854839325,
      0.618686854839325,
      0.618686854839325,
      0.618686854839325,
      0.618686854839325,
      0.618686854839325,
      0.618686854839325,
      0.618686854839325,
      0.618686854839325,
      0.618686854839325,
      0.618686854839325,
      0.618686854839325,
      0.618686854839325,
      0.618686854839325,
      0.618686854839325,
      0.618686854839325,
      0.618686854839325,
      0.618686854839325,
      0.618686854839325,
      0.618686854839325,
      0.618686854839325,
      0.618686854839325,
      0.618686854839325,
      0.618686854839325,
      0.618686854839325,
      0.618686854839325,
      0.618686854839325,
      0.618686854839325,
      0.618686854839325,
      0.618686854839325,
      0.618686854839325,
      0.618686854839325
    ]
  }
}