{
  "test_subject": 15,
  "feature_method": "wavelet",
  "graph_methods": [
    "plv",
    "coherence",
    "correlation",
    "mi",
    "aec"
  ],
  "num_graph_types": 5,
  "hidden_dim": 64,
  "num_epochs": 100,
  "train_samples": 396,
  "test_samples": 18,
  "test_accuracy": 0.7222222222222222,
  "training_history": {
    "loss": [
      260.9386901855469,
      430.4696044921875,
      515.9730224609375,
      170.39353942871094,
      334.4474792480469,
      200.56251525878906,
      107.64263916015625,
      152.7617645263672,
      95.75569915771484,
      58.57268524169922,
      64.07351684570312,
      59.689571380615234,
      42.81733322143555,
      23.677330017089844,
      14.662257194519043,
      8.95011043548584,
      6.751422882080078,
      2.889280080795288,
      1.650228500366211,
      0.9421765208244324,
      1.1400593519210815,
      0.7897183299064636,
      0.7127647995948792,
      0.8240393400192261,
      0.705987811088562,
      0.70721834897995,
      0.6948995590209961,
      0.7070751190185547,
      0.6963561177253723,
      0.7323567271232605,
      0.6925077438354492,
      0.6962482333183289,
      0.697455883026123,
      0.69607013463974,
      0.8750094175338745,
      0.6958800554275513,
      0.6951183676719666,
      0.6956802010536194,
      0.695577085018158,
      0.6957826018333435,
      0.6957632303237915,
      0.695257306098938,
      0.6940677762031555,
      0.6947143077850342,
      0.6931976079940796,
      0.6948118805885315,
      0.6946974396705627,
      0.6945824027061462,
      0.7180235385894775,
      0.7160735726356506,
      0.6942320466041565,
      0.6948996782302856,
      0.693995475769043,
      0.6938762664794922,
      0.6937568783760071,
      0.6936370134353638,
      0.6917620301246643,
      0.6933969855308533,
      0.6932767033576965,
      0.6931560635566711,
      0.7214744687080383,
      0.6929144263267517,
      0.6927932500839233,
      0.6926845908164978,
      0.6925509572029114,
      0.6906885504722595,
      0.6923088431358337,
      0.691859245300293,
      0.6971262097358704,
      0.6919463872909546,
      0.6918258666992188,
      0.6897324919700623,
      0.6915852427482605,
      0.6927726864814758,
      0.6917086243629456,
      0.6912252902984619,
      0.6911055445671082,
      0.6909860968589783,
      0.690867006778717,
      0.6907480359077454,
      0.6906291842460632,
      0.6905954480171204,
      0.6912180781364441,
      0.690274715423584,
      0.6901569366455078,
      0.6900397539138794,
      0.6899225115776062,
      0.6898059248924255,
      0.6896893382072449,
      0.689573347568512,
      0.6893362998962402,
      0.6893424391746521,
      0.6886533498764038,
      0.6875323057174683,
      0.6889984607696533,
      0.6888847947120667,
      0.6887714266777039,
      0.6886585354804993,
      0.688545823097229,
      0.6919575929641724
    ],
    "accuracy": [
      0.5176767706871033,
      0.6060606241226196,
      0.4015151560306549,
      0.49242424964904785,
      0.6060606241226196,
      0.5883838534355164,
      0.5404040217399597,
      0.43939393758773804,
      0.44949495792388916,
      0.5303030014038086,
      0.5303030014038086,
      0.5808081030845642,
      0.5757575631141663,
      0.5530303120613098,
      0.5454545617103577,
      0.5101010203361511,
      0.48232322931289673,
      0.48232322931289673,
      0.4469696879386902,
      0.4292929172515869,
      0.40909090638160706,
      0.40656566619873047,
      0.4166666567325592,
      0.4191919267177582,
      0.4141414165496826,
      0.39898988604545593,
      0.39898988604545593,
      0.39898988604545593,
      0.39898988604545593,
      0.39898988604545593,
      0.4015151560306549,
      0.39898988604545593,
      0.39898988604545593,
      0.39898988604545593,
      0.4015151560306549,
      0.39898988604545593,
      0.4015151560306549,
      0.39898988604545593,
      0.39898988604545593,
      0.39898988604545593,
      0.39898988604545593,
      0.39898988604545593,
      0.4015151560306549,
      0.39898988604545593,
      0.39898988604545593,
      0.39898988604545593,
      0.39898988604545593,
      0.39898988604545593,
      0.39898988604545593,
      0.39898988604545593,
      0.39898988604545593,
      0.39646464586257935,
      0.39898988604545593,
      0.39898988604545593,
      0.39898988604545593,
      0.39898988604545593,
      0.4015151560306549,
      0.39898988604545593,
      0.39898988604545593,
      0.39898988604545593,
      0.5984848737716675,
      0.6010100841522217,
      0.6010100841522217,
      0.5984848737716675,
      0.6010100841522217,
      0.6010100841522217,
      0.6010100841522217,
      0.6010100841522217,
      0.6010100841522217,
      0.6010100841522217,
      0.6010100841522217,
      0.6035353541374207,
      0.6010100841522217,
      0.5984848737716675,
      0.5984848737716675,
      0.6010100841522217,
      0.6010100841522217,
      0.6010100841522217,
      0.6010100841522217,
      0.6010100841522217,
      0.6010100841522217,
      0.5984848737716675,
      0.5984848737716675,
      0.6010100841522217,
      0.6010100841522217,
      0.6010100841522217,
      0.6010100841522217,
      0.6010100841522217,
      0.6010100841522217,
      0.6010100841522217,
      0.6035353541374207,
      0.6010100841522217,
      0.6035353541374207,
      0.6010100841522217,
      0.6010100841522217,
      0.6010100841522217,
      0.6010100841522217,
      0.6010100841522217,
      0.6010100841522217,
      0.5984848737716675
    ]
  }
}