{
  "test_subject": 16,
  "feature_method": "wavelet",
  "graph_methods": [
    "plv",
    "coherence",
    "correlation",
    "mi",
    "aec"
  ],
  "num_graph_types": 5,
  "hidden_dim": 64,
  "num_epochs": 100,
  "train_samples": 396,
  "test_samples": 18,
  "test_accuracy": 0.6666666666666666,
  "training_history": {
    "loss": [
      264.4244689941406,
      443.2098693847656,
      513.02978515625,
      196.2855682373047,
      190.94276428222656,
      176.9468536376953,
      106.94060516357422,
      92.1104736328125,
      91.36679077148438,
      44.76731491088867,
      36.55430221557617,
      36.69510269165039,
      21.915687561035156,
      13.0498046875,
      11.4769926071167,
      9.135543823242188,
      5.191574573516846,
      2.765892505645752,
      1.1968029737472534,
      0.9173669815063477,
      0.7656407952308655,
      0.7058300375938416,
      0.6959949731826782,
      0.6979065537452698,
      0.6988443732261658,
      0.6980726718902588,
      0.6974066495895386,
      0.6961950659751892,
      0.6978133916854858,
      0.6933941841125488,
      0.6957634687423706,
      0.6957284808158875,
      0.6956230998039246,
      0.6970483660697937,
      0.6954055428504944,
      0.6952937841415405,
      0.6951802372932434,
      0.6950650215148926,
      0.694948673248291,
      0.6947754621505737,
      0.6947118043899536,
      0.6945915818214417,
      0.6944703459739685,
      0.6943482756614685,
      0.6942254900932312,
      0.6941015124320984,
      0.6939771175384521,
      0.6938521862030029,
      0.6937267184257507,
      0.6936009526252747,
      0.6943553686141968,
      0.6933477520942688,
      0.6932207345962524,
      0.6930933594703674,
      0.6929657459259033,
      0.6928383708000183,
      0.6927103400230408,
      0.6925823092460632,
      0.6924542784690857,
      0.6923262476921082,
      0.6921981573104858,
      0.6915227770805359,
      0.6919418573379517,
      0.6918137073516846,
      0.6916857361793518,
      0.6915580034255981,
      0.6914302706718445,
      0.6913027763366699,
      0.6911752223968506,
      0.6910480260848999,
      0.690920889377594,
      0.6907942891120911,
      0.6906676888465881,
      0.690541684627533,
      0.6904153823852539,
      0.6902896761894226,
      0.6901642680168152,
      0.6901401281356812,
      0.6899142861366272,
      0.689789891242981,
      0.6896654963493347,
      0.6895415782928467,
      0.6894181370735168,
      0.6892949938774109,
      0.6891722083091736,
      0.6890498995780945,
      0.688927948474884,
      0.6888062953948975,
      0.6886852383613586,
      0.6885644197463989,
      0.6884441375732422,
      0.6883241534233093,
      0.6882047057151794,
      0.688085675239563,
      0.6879670023918152,
      0.6878488063812256,
      0.6877312064170837,
      0.6876139640808105,
      0.6874971985816956,
      0.6873809099197388
    ],
    "accuracy": [
      0.5151515007019043,
      0.6111111044883728,
      0.39646464586257935,
      0.4747474789619446,
      0.5934343338012695,
      0.5934343338012695,
      0.5909090638160706,
      0.4595959484577179,
      0.45202019810676575,
      0.5202020406723022,
      0.5202020406723022,
      0.5656565427780151,
      0.5883838534355164,
      0.5530303120613098,
      0.4974747598171234,
      0.4570707082748413,
      0.5176767706871033,
      0.47727271914482117,
      0.40909090638160706,
      0.41161614656448364,
      0.39646464586257935,
      0.39646464586257935,
      0.4040403962135315,
      0.39898988604545593,
      0.39646464586257935,
      0.3914141356945038,
      0.39646464586257935,
      0.39393940567970276,
      0.39646464586257935,
      0.39898988604545593,
      0.39898988604545593,
      0.39646464586257935,
      0.39646464586257935,
      0.39646464586257935,
      0.39646464586257935,
      0.39646464586257935,
      0.39646464586257935,
      0.39646464586257935,
      0.39646464586257935,
      0.39898988604545593,
      0.39646464586257935,
      0.39646464586257935,
      0.39646464586257935,
      0.39646464586257935,
      0.39646464586257935,
      0.39646464586257935,
      0.39646464586257935,
      0.39646464586257935,
      0.39646464586257935,
      0.39646464586257935,
      0.39393940567970276,
      0.39646464586257935,
      0.39646464586257935,
      0.6035353541374207,
      0.6035353541374207,
      0.6035353541374207,
      0.6035353541374207,
      0.6035353541374207,
      0.6035353541374207,
      0.6035353541374207,
      0.6035353541374207,
      0.6060606241226196,
      0.6035353541374207,
      0.6035353541374207,
      0.6035353541374207,
      0.6035353541374207,
      0.6035353541374207,
      0.6035353541374207,
      0.6035353541374207,
      0.6035353541374207,
      0.6035353541374207,
      0.6035353541374207,
      0.6035353541374207,
      0.6035353541374207,
      0.6035353541374207,
      0.6035353541374207,
      0.6035353541374207,
      0.6010100841522217,
      0.6035353541374207,
      0.6035353541374207,
      0.6035353541374207,
      0.6035353541374207,
      0.6035353541374207,
      0.6035353541374207,
      0.6035353541374207,
      0.6035353541374207,
      0.6035353541374207,
      0.6035353541374207,
      0.6035353541374207,
      0.6035353541374207,
      0.6035353541374207,
      0.6035353541374207,
      0.6035353541374207,
      0.6035353541374207,
      0.6035353541374207,
      0.6035353541374207,
      0.6035353541374207,
      0.6035353541374207,
      0.6035353541374207,
      0.6035353541374207
    ]
  }
}