{
  "test_subject": 20,
  "feature_method": "wavelet",
  "graph_methods": [
    "plv",
    "coherence",
    "correlation",
    "mi",
    "aec"
  ],
  "num_graph_types": 5,
  "hidden_dim": 64,
  "num_epochs": 100,
  "train_samples": 396,
  "test_samples": 18,
  "test_accuracy": 0.6666666666666666,
  "training_history": {
    "loss": [
      264.4759216308594,
      691.9832763671875,
      255.83297729492188,
      192.3517608642578,
      162.6396484375,
      146.76499938964844,
      77.07005310058594,
      88.37351989746094,
      77.99490356445312,
      42.081119537353516,
      48.087860107421875,
      41.18247604370117,
      29.22634506225586,
      19.965723037719727,
      11.850788116455078,
      8.91535758972168,
      6.213069915771484,
      4.66709041595459,
      2.890923023223877,
      1.7538560628890991,
      1.1956515312194824,
      0.7706104516983032,
      0.7925935387611389,
      0.7863582372665405,
      0.7096737027168274,
      0.6936763525009155,
      0.6984893083572388,
      0.7372450232505798,
      0.7024195790290833,
      0.7534916400909424,
      0.6961299777030945,
      0.695254385471344,
      0.6959065794944763,
      0.695790708065033,
      0.695859432220459,
      0.6955493688583374,
      0.6960440874099731,
      0.6952986121177673,
      0.6951701045036316,
      0.6951509714126587,
      0.6949077844619751,
      0.6947742104530334,
      0.6946395635604858,
      0.6945035457611084,
      0.6926355361938477,
      0.6942291855812073,
      0.6940907835960388,
      0.6939513683319092,
      0.6938119530677795,
      0.6936719417572021,
      0.6935309767723083,
      0.6933900713920593,
      0.6932486295700073,
      0.6931073069572449,
      0.6916457414627075,
      0.6928239464759827,
      0.692682147026062,
      0.6925404667854309,
      0.6923984289169312,
      0.6922571063041687,
      0.6921154856681824,
      0.6919741630554199,
      0.6918327212333679,
      0.6916918754577637,
      0.691551148891449,
      0.6914107203483582,
      0.6912704110145569,
      0.6911304593086243,
      0.6900177001953125,
      0.6913416981697083,
      0.690713107585907,
      0.6905746459960938,
      0.6904367804527283,
      0.690299391746521,
      0.6890349984169006,
      0.6900256276130676,
      0.689889669418335,
      0.6897538304328918,
      0.6896185874938965,
      0.6894839406013489,
      0.6893499493598938,
      0.6892163157463074,
      0.6890829801559448,
      0.688866913318634,
      0.6888183951377869,
      0.6907208561897278,
      0.6885559558868408,
      0.6884255409240723,
      0.6882956027984619,
      0.6881666779518127,
      0.6880379319190979,
      0.6879099011421204,
      0.6877825260162354,
      0.6876555681228638,
      0.6875293850898743,
      0.6874037981033325,
      0.6872784495353699,
      0.6871540546417236,
      0.6870301961898804,
      0.6906546950340271
    ],
    "accuracy": [
      0.49242424964904785,
      0.6060606241226196,
      0.43686869740486145,
      0.4343434274196625,
      0.5505050420761108,
      0.6010100841522217,
      0.5303030014038086,
      0.4292929172515869,
      0.47979798913002014,
      0.5050504803657532,
      0.5555555820465088,
      0.560606062412262,
      0.5808081030845642,
      0.5227272510528564,
      0.48232322931289673,
      0.5101010203361511,
      0.49242424964904785,
      0.42424243688583374,
      0.4419191777706146,
      0.4419191777706146,
      0.3863636255264282,
      0.39898988604545593,
      0.4015151560306549,
      0.39646464586257935,
      0.39898988604545593,
      0.39393940567970276,
      0.39646464586257935,
      0.39898988604545593,
      0.39646464586257935,
      0.39646464586257935,
      0.39646464586257935,
      0.39898988604545593,
      0.39646464586257935,
      0.39646464586257935,
      0.39646464586257935,
      0.39646464586257935,
      0.39393940567970276,
      0.39646464586257935,
      0.39646464586257935,
      0.39646464586257935,
      0.39646464586257935,
      0.39646464586257935,
      0.39646464586257935,
      0.39646464586257935,
      0.39898988604545593,
      0.39646464586257935,
      0.39646464586257935,
      0.39646464586257935,
      0.39646464586257935,
      0.39646464586257935,
      0.39646464586257935,
      0.39646464586257935,
      0.39646464586257935,
      0.6035353541374207,
      0.6035353541374207,
      0.6035353541374207,
      0.6035353541374207,
      0.6035353541374207,
      0.6035353541374207,
      0.6035353541374207,
      0.6035353541374207,
      0.6035353541374207,
      0.6035353541374207,
      0.6035353541374207,
      0.6035353541374207,
      0.6035353541374207,
      0.6035353541374207,
      0.6035353541374207,
      0.6035353541374207,
      0.6035353541374207,
      0.6035353541374207,
      0.6035353541374207,
      0.6035353541374207,
      0.6035353541374207,
      0.6035353541374207,
      0.6035353541374207,
      0.6035353541374207,
      0.6035353541374207,
      0.6035353541374207,
      0.6035353541374207,
      0.6035353541374207,
      0.6035353541374207,
      0.6035353541374207,
      0.6035353541374207,
      0.6035353541374207,
      0.6035353541374207,
      0.6035353541374207,
      0.6035353541374207,
      0.6035353541374207,
      0.6035353541374207,
      0.6035353541374207,
      0.6035353541374207,
      0.6035353541374207,
      0.6035353541374207,
      0.6035353541374207,
      0.6035353541374207,
      0.6035353541374207,
      0.6035353541374207,
      0.6035353541374207,
      0.6035353541374207
    ]
  }
}