{
  "test_subject": 13,
  "feature_method": "wavelet",
  "graph_methods": [
    "plv",
    "coherence",
    "correlation",
    "mi",
    "aec"
  ],
  "num_graph_types": 5,
  "hidden_dim": 64,
  "num_epochs": 100,
  "train_samples": 396,
  "test_samples": 18,
  "test_accuracy": 0.4444444444444444,
  "training_history": {
    "loss": [
      256.1503601074219,
      553.270263671875,
      602.3250732421875,
      207.61187744140625,
      251.93898010253906,
      206.7754364013672,
      133.668212890625,
      92.76350402832031,
      76.17716979980469,
      45.649139404296875,
      36.709815979003906,
      25.779176712036133,
      16.643033981323242,
      11.253539085388184,
      6.692166328430176,
      3.914630651473999,
      1.7249478101730347,
      1.3629533052444458,
      0.9064944982528687,
      0.810750424861908,
      0.722573459148407,
      0.6971176862716675,
      0.7021114230155945,
      0.6964613199234009,
      0.7015510201454163,
      0.6959999799728394,
      0.6992978453636169,
      0.7268444895744324,
      0.6966924071311951,
      0.7051880955696106,
      0.6964277029037476,
      0.6963392496109009,
      0.6962650418281555,
      0.696016252040863,
      0.6959150433540344,
      0.6980709433555603,
      0.695637047290802,
      0.6954595446586609,
      0.6977351903915405,
      0.6951999068260193,
      0.6950502395629883,
      0.694835364818573,
      0.6962720155715942,
      0.6945909261703491,
      0.6944351196289062,
      0.6942782998085022,
      0.695393443107605,
      0.6939619183540344,
      0.6944791078567505,
      0.6936426162719727,
      0.6934822797775269,
      0.6933214664459229,
      0.6931602954864502,
      0.6929988861083984,
      0.6926340460777283,
      0.6929057836532593,
      0.6925138831138611,
      0.6923521161079407,
      0.6921902894973755,
      0.6920287609100342,
      0.6918671727180481,
      0.6917058825492859,
      0.6915445327758789,
      0.6913838982582092,
      0.69122314453125,
      0.7097856402397156,
      0.6909026503562927,
      0.6907427906990051,
      0.6905834078788757,
      0.6903809309005737,
      0.6895018219947815,
      0.6901078820228577,
      0.689950168132782,
      0.6885005831718445,
      0.6896362900733948,
      0.689480185508728,
      0.6893244385719299,
      0.6946560144424438,
      0.6888313889503479,
      0.6888602375984192,
      0.6887065768241882,
      0.6885536909103394,
      0.6884012818336487,
      0.6882495284080505,
      0.6880983114242554,
      0.6879479289054871,
      0.6877977252006531,
      0.6876484751701355,
      0.6875,
      0.6873518824577332,
      0.6872043013572693,
      0.6870577335357666,
      0.6869115829467773,
      0.6867662072181702,
      0.6866213083267212,
      0.6864773035049438,
      0.686333954334259,
      0.6861910820007324,
      0.6860488653182983,
      0.684418261051178
    ],
    "accuracy": [
      0.5252525210380554,
      0.6161616444587708,
      0.39646464586257935,
      0.47727271914482117,
      0.6060606241226196,
      0.6136363744735718,
      0.5505050420761108,
      0.5,
      0.49242424964904785,
      0.5252525210380554,
      0.4898989796638489,
      0.47727271914482117,
      0.5,
      0.5277777910232544,
      0.5555555820465088,
      0.5404040217399597,
      0.4545454680919647,
      0.4015151560306549,
      0.4141414165496826,
      0.40656566619873047,
      0.39898988604545593,
      0.3888888955116272,
      0.3888888955116272,
      0.3888888955116272,
      0.38383838534355164,
      0.3914141356945038,
      0.3888888955116272,
      0.38383838534355164,
      0.3863636255264282,
      0.3863636255264282,
      0.3863636255264282,
      0.3863636255264282,
      0.3863636255264282,
      0.3888888955116272,
      0.3863636255264282,
      0.3863636255264282,
      0.3863636255264282,
      0.3863636255264282,
      0.38131314516067505,
      0.3863636255264282,
      0.3863636255264282,
      0.3888888955116272,
      0.3863636255264282,
      0.3863636255264282,
      0.3863636255264282,
      0.3863636255264282,
      0.3863636255264282,
      0.3863636255264282,
      0.3863636255264282,
      0.3863636255264282,
      0.3863636255264282,
      0.3863636255264282,
      0.3863636255264282,
      0.6136363744735718,
      0.6136363744735718,
      0.6111111044883728,
      0.6136363744735718,
      0.6136363744735718,
      0.6136363744735718,
      0.6136363744735718,
      0.6136363744735718,
      0.6136363744735718,
      0.6136363744735718,
      0.6136363744735718,
      0.6136363744735718,
      0.6111111044883728,
      0.6136363744735718,
      0.6136363744735718,
      0.6136363744735718,
      0.6161616444587708,
      0.6136363744735718,
      0.6136363744735718,
      0.6136363744735718,
      0.6161616444587708,
      0.6136363744735718,
      0.6136363744735718,
      0.6136363744735718,
      0.6111111044883728,
      0.6136363744735718,
      0.6136363744735718,
      0.6136363744735718,
      0.6136363744735718,
      0.6136363744735718,
      0.6136363744735718,
      0.6136363744735718,
      0.6136363744735718,
      0.6136363744735718,
      0.6136363744735718,
      0.6136363744735718,
      0.6136363744735718,
      0.6136363744735718,
      0.6136363744735718,
      0.6136363744735718,
      0.6136363744735718,
      0.6136363744735718,
      0.6136363744735718,
      0.6136363744735718,
      0.6136363744735718,
      0.6136363744735718,
      0.6136363744735718
    ]
  }
}