{
  "test_subject": 19,
  "feature_method": "wavelet",
  "graph_methods": [
    "plv",
    "coherence",
    "correlation",
    "mi",
    "aec"
  ],
  "num_graph_types": 5,
  "hidden_dim": 64,
  "num_epochs": 100,
  "train_samples": 396,
  "test_samples": 18,
  "test_accuracy": 0.5,
  "training_history": {
    "loss": [
      262.8065490722656,
      791.4948120117188,
      207.27783203125,
      578.71435546875,
      258.0149841308594,
      112.81793212890625,
      152.35162353515625,
      111.37920379638672,
      92.82512664794922,
      49.20775604248047,
      38.014686584472656,
      22.27036476135254,
      10.167045593261719,
      5.453369140625,
      2.000626564025879,
      1.2998003959655762,
      0.7869063019752502,
      0.746145486831665,
      0.7243634462356567,
      0.7018237709999084,
      0.6983661651611328,
      0.7020145058631897,
      0.6967676877975464,
      0.8318031430244446,
      0.6965168714523315,
      0.6970154643058777,
      0.6961374878883362,
      0.698358952999115,
      0.6969872117042542,
      0.6966953277587891,
      0.6952658891677856,
      0.6957391500473022,
      0.6953843235969543,
      0.6945056915283203,
      0.6955463290214539,
      0.6942135691642761,
      0.6949804425239563,
      0.6946461796760559,
      0.6947569251060486,
      0.6948800683021545,
      0.694216251373291,
      0.6940730214118958,
      0.6938589811325073,
      0.6938426494598389,
      0.6936388611793518,
      0.6934930086135864,
      0.6933467388153076,
      0.6932002305984497,
      0.6928535103797913,
      0.6929436326026917,
      0.6927582621574402,
      0.6926106214523315,
      0.6924628019332886,
      0.6923149228096008,
      0.6921668648719788,
      0.6920188069343567,
      0.6918708682060242,
      0.6917235851287842,
      0.6915751099586487,
      0.6914275884628296,
      0.6912798881530762,
      0.6911325454711914,
      0.690985381603241,
      0.6908382773399353,
      0.6906917095184326,
      0.6905452609062195,
      0.6903988718986511,
      0.690252959728241,
      0.6901074647903442,
      0.6899621486663818,
      0.6898172497749329,
      0.6897633075714111,
      0.6895285844802856,
      0.6893844604492188,
      0.6892410516738892,
      0.6890984177589417,
      0.6889556646347046,
      0.6888135075569153,
      0.6886718273162842,
      0.688530683517456,
      0.6883898377418518,
      0.6882495284080505,
      0.6881096363067627,
      0.6879705786705017,
      0.6878315210342407,
      0.687693178653717,
      0.6875552535057068,
      0.6874181032180786,
      0.6872815489768982,
      0.6871452927589417,
      0.6870095729827881,
      0.6868744492530823,
      0.6867399215698242,
      0.6866058707237244,
      0.686472475528717,
      0.6863396167755127,
      0.6862072348594666,
      0.6860753893852234,
      0.6859443783760071,
      0.6858137249946594
    ],
    "accuracy": [
      0.5,
      0.6111111044883728,
      0.5101010203361511,
      0.3863636255264282,
      0.42424243688583374,
      0.6111111044883728,
      0.6035353541374207,
      0.5656565427780151,
      0.5303030014038086,
      0.5328282713890076,
      0.502525269985199,
      0.4898989796638489,
      0.5101010203361511,
      0.47727271914482117,
      0.4873737394809723,
      0.43686869740486145,
      0.41161614656448364,
      0.39646464586257935,
      0.39898988604545593,
      0.39393940567970276,
      0.39393940567970276,
      0.3888888955116272,
      0.3888888955116272,
      0.38383838534355164,
      0.3888888955116272,
      0.3888888955116272,
      0.3888888955116272,
      0.3888888955116272,
      0.3888888955116272,
      0.3888888955116272,
      0.3888888955116272,
      0.3888888955116272,
      0.3888888955116272,
      0.3888888955116272,
      0.3888888955116272,
      0.3888888955116272,
      0.3888888955116272,
      0.3888888955116272,
      0.3888888955116272,
      0.3888888955116272,
      0.3888888955116272,
      0.3888888955116272,
      0.3888888955116272,
      0.3888888955116272,
      0.3888888955116272,
      0.3888888955116272,
      0.3888888955116272,
      0.3888888955116272,
      0.6136363744735718,
      0.6085858345031738,
      0.6111111044883728,
      0.6111111044883728,
      0.6111111044883728,
      0.6111111044883728,
      0.6111111044883728,
      0.6111111044883728,
      0.6111111044883728,
      0.6111111044883728,
      0.6111111044883728,
      0.6111111044883728,
      0.6111111044883728,
      0.6111111044883728,
      0.6111111044883728,
      0.6111111044883728,
      0.6111111044883728,
      0.6111111044883728,
      0.6111111044883728,
      0.6111111044883728,
      0.6111111044883728,
      0.6111111044883728,
      0.6111111044883728,
      0.6085858345031738,
      0.6111111044883728,
      0.6111111044883728,
      0.6111111044883728,
      0.6111111044883728,
      0.6111111044883728,
      0.6111111044883728,
      0.6111111044883728,
      0.6111111044883728,
      0.6111111044883728,
      0.6111111044883728,
      0.6111111044883728,
      0.6111111044883728,
      0.6111111044883728,
      0.6111111044883728,
      0.6111111044883728,
      0.6111111044883728,
      0.6111111044883728,
      0.6111111044883728,
      0.6111111044883728,
      0.6111111044883728,
      0.6111111044883728,
      0.6111111044883728,
      0.6111111044883728,
      0.6111111044883728,
      0.6111111044883728,
      0.6111111044883728,
      0.6111111044883728,
      0.6111111044883728
    ]
  }
}