{
  "test_subject": 8,
  "feature_method": "wavelet",
  "graph_methods": [
    "plv",
    "coherence",
    "correlation",
    "mi",
    "aec"
  ],
  "num_graph_types": 5,
  "hidden_dim": 64,
  "num_epochs": 100,
  "train_samples": 396,
  "test_samples": 18,
  "test_accuracy": 0.6666666666666666,
  "training_history": {
    "loss": [
      262.366943359375,
      333.1513671875,
      394.4722900390625,
      192.7349395751953,
      139.965576171875,
      107.22077178955078,
      76.56114959716797,
      65.9142074584961,
      41.92207336425781,
      33.2050666809082,
      27.832427978515625,
      18.080142974853516,
      12.568450927734375,
      8.701985359191895,
      5.7875847816467285,
      3.6424953937530518,
      2.1397008895874023,
      1.0570472478866577,
      1.245796799659729,
      0.9288058876991272,
      1.0165361166000366,
      0.7323248386383057,
      0.8791228532791138,
      1.0177836418151855,
      0.8483262658119202,
      0.691884458065033,
      0.7715044021606445,
      0.7693923711776733,
      0.7136955857276917,
      0.8072067499160767,
      0.6938210129737854,
      0.7607253193855286,
      0.6905198693275452,
      0.7256047129631042,
      0.6974952220916748,
      0.7324574589729309,
      0.69302898645401,
      0.6948605179786682,
      0.7041822671890259,
      0.7453497648239136,
      0.7308821082115173,
      0.7462300062179565,
      0.7285788655281067,
      0.693108856678009,
      0.6931651830673218,
      0.6936240792274475,
      0.6929426789283752,
      0.693305253982544,
      0.7029275894165039,
      0.6917656660079956,
      0.6928256154060364,
      0.6922650337219238,
      0.690531849861145,
      0.6923456788063049,
      0.693824052810669,
      0.6920264363288879,
      0.7085036635398865,
      0.6903489828109741,
      0.6915503740310669,
      0.6912738680839539,
      0.6912352442741394,
      0.6910784244537354,
      0.6908803582191467,
      0.6914179921150208,
      0.708168089389801,
      0.6890284419059753,
      0.6900779604911804,
      0.6901494264602661,
      0.6953303217887878,
      0.690390944480896,
      0.6896932721138,
      0.6895426511764526,
      0.6925790309906006,
      0.6890456676483154,
      0.6890953183174133,
      0.7122868895530701,
      0.6874244809150696,
      0.6876985430717468,
      0.6886177659034729,
      0.6883654594421387,
      0.6885409951210022,
      0.6869819164276123,
      0.6873338222503662,
      0.6866815686225891,
      0.6877164244651794,
      0.6875153183937073,
      0.6875524520874023,
      0.6877740621566772,
      0.687101423740387,
      0.6862640380859375,
      0.6868293285369873,
      0.6860939860343933,
      0.6864911317825317,
      0.6937571167945862,
      0.6850241422653198,
      0.6865234971046448,
      0.6895204186439514,
      0.6837960481643677,
      0.6851800680160522,
      0.6856445074081421
    ],
    "accuracy": [
      0.5227272510528564,
      0.5757575631141663,
      0.40656566619873047,
      0.5429292917251587,
      0.5454545617103577,
      0.4570707082748413,
      0.48232322931289673,
      0.5631313323974609,
      0.5656565427780151,
      0.5202020406723022,
      0.49494948983192444,
      0.5151515007019043,
      0.49494948983192444,
      0.5075757503509521,
      0.558080792427063,
      0.5151515007019043,
      0.5101010203361511,
      0.4570707082748413,
      0.3888888955116272,
      0.4191919267177582,
      0.4015151560306549,
      0.4015151560306549,
      0.40656566619873047,
      0.39898988604545593,
      0.4040403962135315,
      0.4015151560306549,
      0.40656566619873047,
      0.39646464586257935,
      0.39646464586257935,
      0.39646464586257935,
      0.39646464586257935,
      0.3914141356945038,
      0.4015151560306549,
      0.39646464586257935,
      0.4015151560306549,
      0.39393940567970276,
      0.39898988604545593,
      0.39646464586257935,
      0.39898988604545593,
      0.39393940567970276,
      0.39393940567970276,
      0.39646464586257935,
      0.39646464586257935,
      0.39646464586257935,
      0.39646464586257935,
      0.39646464586257935,
      0.39898988604545593,
      0.39646464586257935,
      0.6010100841522217,
      0.6060606241226196,
      0.6035353541374207,
      0.6060606241226196,
      0.6035353541374207,
      0.6035353541374207,
      0.6010100841522217,
      0.6035353541374207,
      0.6010100841522217,
      0.6035353541374207,
      0.6035353541374207,
      0.6060606241226196,
      0.6035353541374207,
      0.6035353541374207,
      0.6035353541374207,
      0.6060606241226196,
      0.6035353541374207,
      0.6060606241226196,
      0.6035353541374207,
      0.6035353541374207,
      0.6010100841522217,
      0.6010100841522217,
      0.6035353541374207,
      0.6035353541374207,
      0.6035353541374207,
      0.6060606241226196,
      0.6035353541374207,
      0.6035353541374207,
      0.6060606241226196,
      0.6035353541374207,
      0.6010100841522217,
      0.6035353541374207,
      0.6010100841522217,
      0.6035353541374207,
      0.6010100841522217,
      0.6035353541374207,
      0.6035353541374207,
      0.6035353541374207,
      0.6010100841522217,
      0.5984848737716675,
      0.6035353541374207,
      0.6060606241226196,
      0.6035353541374207,
      0.6060606241226196,
      0.6035353541374207,
      0.6035353541374207,
      0.6060606241226196,
      0.6010100841522217,
      0.6035353541374207,
      0.6085858345031738,
      0.6060606241226196,
      0.6035353541374207
    ]
  }
}