{
  "test_subject": 6,
  "feature_method": "wavelet",
  "graph_methods": [
    "plv",
    "coherence",
    "correlation",
    "mi",
    "aec"
  ],
  "num_graph_types": 5,
  "hidden_dim": 64,
  "num_epochs": 100,
  "train_samples": 396,
  "test_samples": 18,
  "test_accuracy": 0.5555555555555556,
  "training_history": {
    "loss": [
      262.3326721191406,
      292.86895751953125,
      663.449951171875,
      197.58843994140625,
      206.2306671142578,
      263.4163513183594,
      225.0585174560547,
      141.5684814453125,
      73.87033081054688,
      48.561153411865234,
      36.25556182861328,
      18.6392765045166,
      13.34884262084961,
      6.468066692352295,
      4.412746429443359,
      2.137897253036499,
      0.9336721897125244,
      0.7583498954772949,
      0.7141879200935364,
      0.6972363591194153,
      0.6972019672393799,
      0.6971575617790222,
      0.6971049308776855,
      0.697043776512146,
      0.6968276500701904,
      0.6969005465507507,
      0.6968194842338562,
      0.6967328190803528,
      0.6966411471366882,
      0.6965448260307312,
      0.6964443325996399,
      0.6963398456573486,
      0.6962319612503052,
      0.6961207389831543,
      0.696006715297699,
      0.6958897709846497,
      0.6957706212997437,
      0.6956491470336914,
      0.6955255270004272,
      0.6954001784324646,
      0.6952729821205139,
      0.6951442956924438,
      0.6950143575668335,
      0.694882869720459,
      0.6947506070137024,
      0.6946170926094055,
      0.6944827437400818,
      0.6943475008010864,
      0.6942114233970642,
      0.6940748691558838,
      0.6939375400543213,
      0.6937999725341797,
      0.6936617493629456,
      0.6935229897499084,
      0.6933844089508057,
      0.693244993686676,
      0.6931057572364807,
      0.692966103553772,
      0.6928266286849976,
      0.6926866769790649,
      0.6925466656684875,
      0.6924070119857788,
      0.6922670602798462,
      0.6921271681785583,
      0.6919874548912048,
      0.6918478012084961,
      0.6917082071304321,
      0.6915688514709473,
      0.6914294958114624,
      0.6912906765937805,
      0.6911517977714539,
      0.6910130381584167,
      0.6908746361732483,
      0.6907365322113037,
      0.6905985474586487,
      0.6904612183570862,
      0.6903239488601685,
      0.6901870369911194,
      0.6900503635406494,
      0.6899144053459167,
      0.6897783875465393,
      0.6896430253982544,
      0.6895078420639038,
      0.6893730759620667,
      0.6892389059066772,
      0.6891047954559326,
      0.6889714598655701,
      0.688838541507721,
      0.6887058019638062,
      0.6885735988616943,
      0.6884418725967407,
      0.6883105635643005,
      0.6881798505783081,
      0.6880493760108948,
      0.687919557094574,
      0.6877902150154114,
      0.687661349773407,
      0.6875330805778503,
      0.6874052286148071,
      0.6872777342796326
    ],
    "accuracy": [
      0.5252525210380554,
      0.5757575631141663,
      0.39646464586257935,
      0.42424243688583374,
      0.5959596037864685,
      0.6085858345031738,
      0.6161616444587708,
      0.5707070827484131,
      0.5075757503509521,
      0.5732322931289673,
      0.5505050420761108,
      0.5050504803657532,
      0.48232322931289673,
      0.5101010203361511,
      0.4747474789619446,
      0.5,
      0.39646464586257935,
      0.3863636255264282,
      0.3914141356945038,
      0.3914141356945038,
      0.3914141356945038,
      0.3914141356945038,
      0.3914141356945038,
      0.3914141356945038,
      0.3914141356945038,
      0.3914141356945038,
      0.3914141356945038,
      0.3914141356945038,
      0.3914141356945038,
      0.3914141356945038,
      0.3914141356945038,
      0.3914141356945038,
      0.3914141356945038,
      0.3914141356945038,
      0.3914141356945038,
      0.3914141356945038,
      0.3914141356945038,
      0.3914141356945038,
      0.3914141356945038,
      0.3914141356945038,
      0.3914141356945038,
      0.3914141356945038,
      0.3914141356945038,
      0.3914141356945038,
      0.3914141356945038,
      0.3914141356945038,
      0.3914141356945038,
      0.3914141356945038,
      0.3914141356945038,
      0.3914141356945038,
      0.3914141356945038,
      0.3914141356945038,
      0.3914141356945038,
      0.3914141356945038,
      0.3914141356945038,
      0.3914141356945038,
      0.6085858345031738,
      0.6085858345031738,
      0.6085858345031738,
      0.6085858345031738,
      0.6085858345031738,
      0.6085858345031738,
      0.6085858345031738,
      0.6085858345031738,
      0.6085858345031738,
      0.6085858345031738,
      0.6085858345031738,
      0.6085858345031738,
      0.6085858345031738,
      0.6085858345031738,
      0.6085858345031738,
      0.6085858345031738,
      0.6085858345031738,
      0.6085858345031738,
      0.6085858345031738,
      0.6085858345031738,
      0.6085858345031738,
      0.6085858345031738,
      0.6085858345031738,
      0.6085858345031738,
      0.6085858345031738,
      0.6085858345031738,
      0.6085858345031738,
      0.6085858345031738,
      0.6085858345031738,
      0.6085858345031738,
      0.6085858345031738,
      0.6085858345031738,
      0.6085858345031738,
      0.6085858345031738,
      0.6085858345031738,
      0.6085858345031738,
      0.6085858345031738,
      0.6085858345031738,
      0.6085858345031738,
      0.6085858345031738,
      0.6085858345031738,
      0.6085858345031738,
      0.6085858345031738,
      0.6085858345031738
    ]
  }
}