{
  "test_subject": 22,
  "feature_method": "wavelet",
  "graph_methods": [
    "plv",
    "coherence",
    "correlation",
    "mi",
    "aec"
  ],
  "num_graph_types": 5,
  "hidden_dim": 64,
  "num_epochs": 100,
  "train_samples": 396,
  "test_samples": 18,
  "test_accuracy": 0.6111111111111112,
  "training_history": {
    "loss": [
      262.04730224609375,
      607.6727294921875,
      328.6993713378906,
      161.7840576171875,
      185.30557250976562,
      127.70555877685547,
      93.82395935058594,
      76.98664093017578,
      52.11553192138672,
      43.75157165527344,
      27.890310287475586,
      19.03582763671875,
      14.09550666809082,
      8.57620620727539,
      5.145233154296875,
      3.5390775203704834,
      1.7461990118026733,
      1.3536064624786377,
      1.0677251815795898,
      1.0635077953338623,
      0.7693743705749512,
      0.8198584914207458,
      0.7306710481643677,
      0.7771150469779968,
      0.8921014070510864,
      0.7842970490455627,
      1.3354055881500244,
      0.7444644570350647,
      0.7220233678817749,
      0.7201604843139648,
      0.7219306826591492,
      0.6949602961540222,
      0.7767122983932495,
      0.7022247314453125,
      0.8035767674446106,
      0.7145996689796448,
      0.7614635229110718,
      0.6909016966819763,
      0.7149661183357239,
      0.6915251016616821,
      0.6945464611053467,
      0.7245745658874512,
      0.8006079196929932,
      0.6941112875938416,
      0.6905268430709839,
      0.6979577541351318,
      0.7743282318115234,
      0.6876369714736938,
      0.7048266530036926,
      0.6919960975646973,
      0.6948460340499878,
      0.6911554336547852,
      0.692280650138855,
      0.7244167923927307,
      0.6905907392501831,
      0.689096212387085,
      0.7420981526374817,
      0.6922920942306519,
      0.6911879181861877,
      0.6919876337051392,
      0.6965079307556152,
      0.690371572971344,
      0.7041957378387451,
      0.733765184879303,
      0.6919404864311218,
      0.691381573677063,
      0.6889050602912903,
      0.6907228231430054,
      0.6884781122207642,
      0.6868581175804138,
      0.6885141134262085,
      0.7534410357475281,
      0.6902389526367188,
      0.7160468101501465,
      0.6896904706954956,
      0.795261025428772,
      0.6881377696990967,
      0.690450131893158,
      0.851797878742218,
      0.6914609670639038,
      0.6859832406044006,
      0.6862794756889343,
      0.7129328846931458,
      0.6867836713790894,
      0.6867755055427551,
      0.6881021857261658,
      0.688111424446106,
      0.687203586101532,
      0.6847304701805115,
      0.6876062750816345,
      0.6876710653305054,
      0.6842492818832397,
      0.6867155432701111,
      0.6847561001777649,
      0.6868154406547546,
      0.686881959438324,
      0.6976601481437683,
      0.6861201524734497,
      0.6858247518539429,
      0.6861803531646729
    ],
    "accuracy": [
      0.5,
      0.6060606241226196,
      0.4141414165496826,
      0.4848484992980957,
      0.5505050420761108,
      0.5732322931289673,
      0.5075757503509521,
      0.502525269985199,
      0.5479797720909119,
      0.5782828330993652,
      0.5126262903213501,
      0.4873737394809723,
      0.46464645862579346,
      0.47979798913002014,
      0.5126262903213501,
      0.5404040217399597,
      0.4898989796638489,
      0.48232322931289673,
      0.46464645862579346,
      0.42171716690063477,
      0.42424243688583374,
      0.39898988604545593,
      0.41161614656448364,
      0.4141414165496826,
      0.39898988604545593,
      0.39898988604545593,
      0.3914141356945038,
      0.4015151560306549,
      0.39393940567970276,
      0.41161614656448364,
      0.39646464586257935,
      0.4040403962135315,
      0.3914141356945038,
      0.39646464586257935,
      0.39393940567970276,
      0.4141414165496826,
      0.3914141356945038,
      0.39393940567970276,
      0.39898988604545593,
      0.4015151560306549,
      0.39393940567970276,
      0.4015151560306549,
      0.3888888955116272,
      0.39393940567970276,
      0.4040403962135315,
      0.3888888955116272,
      0.3914141356945038,
      0.40909090638160706,
      0.4015151560306549,
      0.3888888955116272,
      0.39646464586257935,
      0.39393940567970276,
      0.6060606241226196,
      0.6060606241226196,
      0.6060606241226196,
      0.6060606241226196,
      0.6060606241226196,
      0.6060606241226196,
      0.6060606241226196,
      0.6060606241226196,
      0.6035353541374207,
      0.6060606241226196,
      0.6035353541374207,
      0.6035353541374207,
      0.6060606241226196,
      0.6060606241226196,
      0.6060606241226196,
      0.6060606241226196,
      0.6060606241226196,
      0.6060606241226196,
      0.6060606241226196,
      0.6035353541374207,
      0.6060606241226196,
      0.6060606241226196,
      0.6060606241226196,
      0.6035353541374207,
      0.6060606241226196,
      0.6035353541374207,
      0.6060606241226196,
      0.6060606241226196,
      0.6060606241226196,
      0.6060606241226196,
      0.6060606241226196,
      0.6060606241226196,
      0.6060606241226196,
      0.6060606241226196,
      0.6060606241226196,
      0.6060606241226196,
      0.6060606241226196,
      0.6060606241226196,
      0.6060606241226196,
      0.6085858345031738,
      0.6060606241226196,
      0.6060606241226196,
      0.6060606241226196,
      0.6060606241226196,
      0.6060606241226196,
      0.6060606241226196,
      0.6060606241226196,
      0.6060606241226196
    ]
  }
}