{
  "test_subject": 2,
  "feature_method": "wavelet",
  "graph_methods": [
    "plv",
    "coherence",
    "correlation",
    "mi",
    "aec"
  ],
  "num_graph_types": 5,
  "hidden_dim": 64,
  "num_epochs": 100,
  "train_samples": 396,
  "test_samples": 18,
  "test_accuracy": 0.7222222222222222,
  "training_history": {
    "loss": [
      260.62908935546875,
      206.78285217285156,
      122.93971252441406,
      115.36896514892578,
      60.4603271484375,
      46.57969284057617,
      29.636131286621094,
      23.35867691040039,
      14.877942085266113,
      12.176030158996582,
      6.656097888946533,
      3.9284911155700684,
      1.6941475868225098,
      0.9858740568161011,
      0.7671470046043396,
      0.6841199994087219,
      0.6756922602653503,
      0.7093060612678528,
      0.6838849782943726,
      0.6837877035140991,
      0.6910949945449829,
      0.6864762902259827,
      0.6905010342597961,
      0.687355637550354,
      0.6874875426292419,
      0.6908380389213562,
      0.6866731643676758,
      0.6891806125640869,
      0.6878525018692017,
      0.6881600022315979,
      0.6849483251571655,
      0.6842714548110962,
      0.6918500661849976,
      0.6882465481758118,
      0.6763117909431458,
      0.6935136318206787,
      0.6833539009094238,
      0.6781245470046997,
      0.6808634996414185,
      0.6875943541526794,
      0.6858600378036499,
      0.6884616017341614,
      0.6885606646537781,
      0.6859768033027649,
      0.6863068342208862,
      0.6880058646202087,
      0.6822773218154907,
      0.6888137459754944,
      0.6727855205535889,
      0.6846972107887268,
      0.6925287842750549,
      0.6790611147880554,
      0.6908208727836609,
      0.6838458776473999,
      0.6852431893348694,
      0.6777751445770264,
      0.6854224801063538,
      0.6878588199615479,
      0.6717564463615417,
      0.6996639370918274,
      0.6833311915397644,
      0.6830703020095825,
      0.6853024959564209,
      0.6845790147781372,
      0.6808626651763916,
      0.6908554434776306,
      0.6849780082702637,
      0.6825655698776245,
      0.6801841259002686,
      0.6877284049987793,
      0.6840073466300964,
      0.6804395914077759,
      0.6800054907798767,
      0.6837595701217651,
      0.674776017665863,
      0.6844804286956787,
      0.6694796085357666,
      0.6874723434448242,
      0.6859966516494751,
      0.6815695762634277,
      0.6835556626319885,
      0.6838549971580505,
      0.6941893100738525,
      0.6763045787811279,
      0.6801965236663818,
      0.6837297677993774,
      0.6822389364242554,
      0.6831603646278381,
      0.6815448999404907,
      0.6850443482398987,
      0.6837276220321655,
      0.6820747256278992,
      0.6817170977592468,
      0.6756051778793335,
      0.6748944520950317,
      0.6751658916473389,
      0.6728657484054565,
      0.681742787361145,
      0.6773286461830139,
      0.677827000617981
    ],
    "accuracy": [
      0.5353535413742065,
      0.5404040217399597,
      0.4570707082748413,
      0.5808081030845642,
      0.43939393758773804,
      0.4595959484577179,
      0.5505050420761108,
      0.5479797720909119,
      0.5227272510528564,
      0.4848484992980957,
      0.5050504803657532,
      0.4848484992980957,
      0.4873737394809723,
      0.5075757503509521,
      0.4873737394809723,
      0.5176767706871033,
      0.5505050420761108,
      0.5050504803657532,
      0.5126262903213501,
      0.4898989796638489,
      0.48232322931289673,
      0.4848484992980957,
      0.4848484992980957,
      0.5075757503509521,
      0.48232322931289673,
      0.4848484992980957,
      0.4873737394809723,
      0.4848484992980957,
      0.5126262903213501,
      0.48232322931289673,
      0.5075757503509521,
      0.4898989796638489,
      0.5227272510528564,
      0.4898989796638489,
      0.5050504803657532,
      0.49242424964904785,
      0.469696968793869,
      0.5454545617103577,
      0.5277777910232544,
      0.49494948983192444,
      0.5,
      0.4873737394809723,
      0.5101010203361511,
      0.5,
      0.4974747598171234,
      0.47979798913002014,
      0.4974747598171234,
      0.46464645862579346,
      0.5984848737716675,
      0.6010100841522217,
      0.5934343338012695,
      0.5883838534355164,
      0.6035353541374207,
      0.6010100841522217,
      0.6060606241226196,
      0.6060606241226196,
      0.6035353541374207,
      0.6010100841522217,
      0.5959596037864685,
      0.5984848737716675,
      0.5959596037864685,
      0.5984848737716675,
      0.5984848737716675,
      0.5984848737716675,
      0.6035353541374207,
      0.6035353541374207,
      0.5984848737716675,
      0.6010100841522217,
      0.6010100841522217,
      0.6060606241226196,
      0.6010100841522217,
      0.5984848737716675,
      0.6010100841522217,
      0.6010100841522217,
      0.5984848737716675,
      0.6010100841522217,
      0.6010100841522217,
      0.6010100841522217,
      0.6035353541374207,
      0.6035353541374207,
      0.6010100841522217,
      0.6010100841522217,
      0.6010100841522217,
      0.6010100841522217,
      0.6035353541374207,
      0.5984848737716675,
      0.6010100841522217,
      0.6010100841522217,
      0.6010100841522217,
      0.5984848737716675,
      0.6010100841522217,
      0.6010100841522217,
      0.5984848737716675,
      0.6010100841522217,
      0.6035353541374207,
      0.6010100841522217,
      0.6010100841522217,
      0.6010100841522217,
      0.6010100841522217,
      0.6010100841522217
    ]
  }
}