{
  "test_subject": 11,
  "feature_method": "wavelet",
  "graph_methods": [
    "plv",
    "coherence",
    "correlation",
    "mi",
    "aec"
  ],
  "num_graph_types": 5,
  "hidden_dim": 64,
  "num_epochs": 100,
  "train_samples": 396,
  "test_samples": 18,
  "test_accuracy": 0.6666666666666666,
  "training_history": {
    "loss": [
      254.55677795410156,
      407.7883605957031,
      764.7836303710938,
      238.5559539794922,
      361.3595275878906,
      350.466552734375,
      255.4998779296875,
      137.56639099121094,
      93.34849548339844,
      99.89337921142578,
      95.88624572753906,
      84.00308990478516,
      62.44742202758789,
      42.0238037109375,
      26.40157127380371,
      14.755413055419922,
      10.770808219909668,
      6.374617099761963,
      7.190442085266113,
      4.681926727294922,
      5.019501209259033,
      2.7684428691864014,
      2.4617159366607666,
      1.6922638416290283,
      1.6082826852798462,
      1.2444525957107544,
      1.0407096147537231,
      0.8070591688156128,
      0.7438703775405884,
      0.7283610105514526,
      0.6985901594161987,
      0.6980271935462952,
      0.7500084042549133,
      0.6954008340835571,
      0.6934365034103394,
      0.6979532241821289,
      0.8953147530555725,
      0.6909388303756714,
      0.7082121968269348,
      0.6967397332191467,
      0.6959026455879211,
      0.6952261924743652,
      0.720054030418396,
      0.6927279829978943,
      0.6955272555351257,
      0.6954266428947449,
      0.695323646068573,
      0.6952189207077026,
      0.69172203540802,
      0.6910668015480042,
      0.7230596542358398,
      0.6985023021697998,
      0.6930830478668213,
      0.6945532560348511,
      0.6970970034599304,
      0.6943217515945435,
      0.7058039903640747,
      0.6940868496894836,
      0.6985663175582886,
      0.7643426656723022,
      0.6932182908058167,
      0.8099244832992554,
      0.6963138580322266,
      0.7156370282173157,
      0.6952006220817566,
      0.6916887760162354,
      0.6971455812454224,
      0.6952711343765259,
      0.6903262138366699,
      0.6921215653419495,
      0.6925157308578491,
      0.6975067853927612,
      0.6907784938812256,
      0.692148745059967,
      0.6911983489990234,
      0.6919042468070984,
      0.7875807881355286,
      0.7125244140625,
      0.6915375590324402,
      0.6942286491394043,
      0.6912939548492432,
      0.6911728978157043,
      0.6909898519515991,
      0.6909304261207581,
      0.7549335956573486,
      0.6906889081001282,
      0.6896454095840454,
      0.6904481649398804,
      0.6886951327323914,
      0.6902084946632385,
      0.6923261880874634,
      0.6901680827140808,
      0.6881803274154663,
      0.6880255937576294,
      0.6896152496337891,
      0.6879042983055115,
      0.6991385817527771,
      0.6892638802528381,
      0.6899842023849487,
      0.6885781288146973
    ],
    "accuracy": [
      0.5252525210380554,
      0.5959596037864685,
      0.4015151560306549,
      0.4469696879386902,
      0.5883838534355164,
      0.6010100841522217,
      0.6035353541374207,
      0.5782828330993652,
      0.5454545617103577,
      0.48232322931289673,
      0.4292929172515869,
      0.4545454680919647,
      0.4545454680919647,
      0.43939393758773804,
      0.5151515007019043,
      0.5404040217399597,
      0.5252525210380554,
      0.5227272510528564,
      0.5151515007019043,
      0.5050504803657532,
      0.4873737394809723,
      0.469696968793869,
      0.5151515007019043,
      0.49494948983192444,
      0.4570707082748413,
      0.4292929172515869,
      0.41161614656448364,
      0.4191919267177582,
      0.4141414165496826,
      0.4040403962135315,
      0.4015151560306549,
      0.39898988604545593,
      0.4015151560306549,
      0.39898988604545593,
      0.4015151560306549,
      0.39393940567970276,
      0.4015151560306549,
      0.40656566619873047,
      0.39393940567970276,
      0.39898988604545593,
      0.39646464586257935,
      0.39646464586257935,
      0.39646464586257935,
      0.4015151560306549,
      0.39646464586257935,
      0.39646464586257935,
      0.39646464586257935,
      0.39646464586257935,
      0.39646464586257935,
      0.4015151560306549,
      0.3914141356945038,
      0.39393940567970276,
      0.39898988604545593,
      0.39646464586257935,
      0.39393940567970276,
      0.39646464586257935,
      0.4015151560306549,
      0.39646464586257935,
      0.39646464586257935,
      0.3888888955116272,
      0.39898988604545593,
      0.39646464586257935,
      0.39393940567970276,
      0.39646464586257935,
      0.39393940567970276,
      0.6035353541374207,
      0.6010100841522217,
      0.6035353541374207,
      0.6060606241226196,
      0.6035353541374207,
      0.6035353541374207,
      0.6035353541374207,
      0.6060606241226196,
      0.6035353541374207,
      0.6010100841522217,
      0.6035353541374207,
      0.6010100841522217,
      0.6010100841522217,
      0.6035353541374207,
      0.6035353541374207,
      0.6035353541374207,
      0.6035353541374207,
      0.6035353541374207,
      0.6035353541374207,
      0.6010100841522217,
      0.6035353541374207,
      0.6035353541374207,
      0.6035353541374207,
      0.6060606241226196,
      0.6035353541374207,
      0.6060606241226196,
      0.6035353541374207,
      0.6035353541374207,
      0.6035353541374207,
      0.6035353541374207,
      0.6035353541374207,
      0.6035353541374207,
      0.6035353541374207,
      0.6010100841522217,
      0.6035353541374207
    ]
  }
}