{
  "test_subject": 23,
  "feature_method": "wavelet",
  "graph_methods": [
    "plv",
    "coherence",
    "correlation",
    "mi",
    "aec"
  ],
  "num_graph_types": 5,
  "hidden_dim": 64,
  "num_epochs": 100,
  "train_samples": 396,
  "test_samples": 18,
  "test_accuracy": 0.5555555555555556,
  "training_history": {
    "loss": [
      254.38192749023438,
      608.6284790039062,
      317.1522216796875,
      157.13116455078125,
      162.0997314453125,
      114.8120346069336,
      87.0985336303711,
      62.792720794677734,
      61.422340393066406,
      33.65000534057617,
      25.724552154541016,
      17.1556453704834,
      9.95151424407959,
      7.629106044769287,
      4.1621785163879395,
      2.2009716033935547,
      1.0172815322875977,
      0.783349335193634,
      0.6982942223548889,
      0.7155908942222595,
      0.6863889098167419,
      0.7073198556900024,
      0.702276349067688,
      0.7072080373764038,
      0.6941654682159424,
      0.6944264769554138,
      0.6970040798187256,
      0.7123841047286987,
      0.7036725282669067,
      0.6940151453018188,
      0.6979259252548218,
      0.6948105692863464,
      0.7125617861747742,
      0.6975478529930115,
      0.6953080296516418,
      0.6953259110450745,
      0.6963901519775391,
      0.6964097619056702,
      0.6934394240379333,
      0.6922382116317749,
      0.6956642270088196,
      0.6945071816444397,
      0.6940335631370544,
      0.6950445175170898,
      0.6922398805618286,
      0.6947445273399353,
      0.6941314339637756,
      0.6922957301139832,
      0.6928350925445557,
      0.6944135427474976,
      0.6922010779380798,
      0.6926009654998779,
      0.6926247477531433,
      0.6925410032272339,
      0.691986620426178,
      0.69210284948349,
      0.6936392784118652,
      0.6916263699531555,
      0.6912392377853394,
      0.691568911075592,
      0.6905993223190308,
      0.6916201114654541,
      0.6909133195877075,
      0.6901369094848633,
      0.6903663277626038,
      0.690272867679596,
      0.6898059844970703,
      0.6897969841957092,
      0.6891294717788696,
      0.6897888779640198,
      0.6893376708030701,
      0.6887763142585754,
      0.6887845396995544,
      0.6891403198242188,
      0.687779426574707,
      0.6878014802932739,
      0.6896593570709229,
      0.6895012855529785,
      0.6901935338973999,
      0.687501072883606,
      0.6871771812438965,
      0.6892048716545105,
      0.6880309581756592,
      0.6868122816085815,
      0.6866381764411926,
      0.6873857975006104,
      0.6893317699432373,
      0.686545729637146,
      0.6850411891937256,
      0.6867449879646301,
      0.6860265135765076,
      0.686259388923645,
      0.6859610080718994,
      0.684714138507843,
      0.6864596009254456,
      0.6850520372390747,
      0.6830294132232666,
      0.6868234276771545,
      0.6856997013092041,
      0.6851435899734497
    ],
    "accuracy": [
      0.5101010203361511,
      0.6085858345031738,
      0.4166666567325592,
      0.469696968793869,
      0.5277777910232544,
      0.558080792427063,
      0.5252525210380554,
      0.5277777910232544,
      0.5378788113594055,
      0.5707070827484131,
      0.46212121844291687,
      0.5126262903213501,
      0.5,
      0.5202020406723022,
      0.5631313323974609,
      0.5,
      0.46717172861099243,
      0.45202019810676575,
      0.39898988604545593,
      0.39393940567970276,
      0.42171716690063477,
      0.38383838534355164,
      0.38383838534355164,
      0.3914141356945038,
      0.39646464586257935,
      0.3863636255264282,
      0.3914141356945038,
      0.4040403962135315,
      0.38383838534355164,
      0.39898988604545593,
      0.3863636255264282,
      0.39898988604545593,
      0.39898988604545593,
      0.3914141356945038,
      0.39393940567970276,
      0.39646464586257935,
      0.3888888955116272,
      0.3863636255264282,
      0.39646464586257935,
      0.4040403962135315,
      0.39393940567970276,
      0.3914141356945038,
      0.3888888955116272,
      0.39393940567970276,
      0.3914141356945038,
      0.39393940567970276,
      0.3888888955116272,
      0.39646464586257935,
      0.39646464586257935,
      0.6085858345031738,
      0.6085858345031738,
      0.6085858345031738,
      0.6085858345031738,
      0.6085858345031738,
      0.6085858345031738,
      0.6085858345031738,
      0.6085858345031738,
      0.6085858345031738,
      0.6085858345031738,
      0.6085858345031738,
      0.6085858345031738,
      0.6085858345031738,
      0.6085858345031738,
      0.6085858345031738,
      0.6085858345031738,
      0.6085858345031738,
      0.6085858345031738,
      0.6085858345031738,
      0.6085858345031738,
      0.6085858345031738,
      0.6085858345031738,
      0.6085858345031738,
      0.6085858345031738,
      0.6085858345031738,
      0.6085858345031738,
      0.6085858345031738,
      0.6085858345031738,
      0.6060606241226196,
      0.6085858345031738,
      0.6085858345031738,
      0.6085858345031738,
      0.6085858345031738,
      0.6085858345031738,
      0.6085858345031738,
      0.6085858345031738,
      0.6085858345031738,
      0.6085858345031738,
      0.6085858345031738,
      0.6085858345031738,
      0.6085858345031738,
      0.6085858345031738,
      0.6085858345031738,
      0.6085858345031738,
      0.6085858345031738,
      0.6085858345031738,
      0.6085858345031738,
      0.6085858345031738,
      0.6085858345031738,
      0.6085858345031738,
      0.6085858345031738
    ]
  }
}